Order_ID,Order_Date,Delivery_Zone,Distance_KM,Vehicle_Type,Vehicle_Capacity_KG,Load_Weight_KG,Traffic_Level,Weather,Delivery_Time_Hours,Delivery_Cost_INR,On_Time,Capacity_Utilization_Pct
ORD0001,2025-09-06,North,46.9,Truck,1500,1068.7,Medium,Cloudy,2.0,546.04,1,71.2
ORD0002,2025-04-15,West,7.6,Van,300,282.7,Medium,Cloudy,1.23,126.5,1,94.2
ORD0003,2025-04-07,West,128.8,Truck,1500,1077.9,High,Cloudy,4.78,1371.81,0,71.9
ORD0004,2025-02-17,East,81.1,Truck,1500,926.3,Medium,Rain,3.96,831.17,1,61.8
ORD0005,2025-01-02,East,38.5,Mini Truck,700,430.3,Low,Cloudy,1.77,477.77,1,61.5
ORD0006,2025-07-02,Central,34.1,Truck,1500,770.8,Low,Clear,1.17,446.88,1,51.4
ORD0007,2025-12-27,North,109.2,Mini Truck,700,468.9,Medium,Cloudy,4.02,1002.35,1,67.0
ORD0008,2025-03-22,West,36.8,Mini Truck,700,644.8,Medium,Clear,2.78,423.04,1,92.1
ORD0009,2025-06-10,South,38.4,Van,300,240.5,Low,Clear,1.44,464.16,1,80.2
ORD0010,2025-12-08,North,29.6,Truck,1500,820.4,Medium,Rain,2.64,466.97,1,54.7
ORD0011,2025-10-09,East,89.8,Mini Truck,700,337.9,High,Cloudy,4.3,815.9,0,48.3
ORD0012,2025-01-02,Central,102.9,Truck,1500,1302.7,High,Rain,4.34,1110.15,0,86.8
ORD0013,2025-07-02,West,51.3,Van,300,103.5,Medium,Clear,2.38,516.6,1,34.5
ORD0014,2025-02-22,West,103.3,Truck,1500,1267.1,Medium,Clear,3.16,995.11,1,84.5
ORD0015,2025-04-01,West,72.2,Bike,80,34.3,Low,Clear,2.45,671.16,1,42.9
ORD0016,2025-03-31,West,28.4,Bike,80,60.1,Medium,Clear,1.61,269.87,1,75.1
ORD0017,2025-08-12,East,123.7,Mini Truck,700,570.0,Medium,Clear,3.85,1131.88,1,81.4
ORD0018,2025-03-14,North,29.4,Mini Truck,700,408.7,Medium,Clear,1.34,330.58,1,58.4
ORD0019,2025-04-02,Central,53.6,Truck,1500,576.9,Medium,Clear,2.13,555.95,1,38.5
ORD0020,2025-03-24,East,51.4,Van,300,252.4,Low,Rain,2.71,503.49,1,84.1
ORD0021,2025-05-11,East,46.0,Mini Truck,700,355.1,Low,Clear,1.75,425.13,1,50.7
ORD0022,2025-08-28,South,14.3,Mini Truck,700,332.1,Low,Clear,0.25,279.36,1,47.4
ORD0023,2025-05-26,North,163.4,Truck,1500,910.5,High,Cloudy,5.28,1572.3,0,60.7
ORD0024,2025-04-30,Central,15.8,Mini Truck,700,388.2,Medium,Clear,0.8,334.61,1,55.5
ORD0025,2025-07-08,West,128.0,Van,300,218.4,Low,Rain,4.53,1124.64,0,72.8
ORD0026,2025-08-13,West,33.4,Truck,1500,519.1,High,Cloudy,2.87,427.67,1,34.6
ORD0027,2025-01-06,East,40.8,Bike,80,44.4,Medium,Clear,2.11,509.98,1,55.5
ORD0028,2025-11-21,Central,121.1,Truck,1500,1311.3,Medium,Cloudy,3.76,1164.67,1,87.4
ORD0029,2025-12-01,East,76.6,Bike,80,22.0,High,Cloudy,3.71,759.04,1,27.5
ORD0030,2025-08-08,East,22.7,Van,300,171.0,Low,Cloudy,1.28,297.41,1,57.0
ORD0031,2025-07-29,East,22.4,Truck,1500,1068.6,Low,Cloudy,1.03,278.38,1,71.2
ORD0032,2025-09-11,South,70.3,Mini Truck,700,610.0,Medium,Cloudy,2.93,750.15,1,87.1
ORD0033,2025-06-10,North,29.0,Truck,1500,998.5,Low,Cloudy,1.73,409.15,1,66.6
ORD0034,2025-05-14,East,78.7,Mini Truck,700,579.0,Medium,Clear,3.26,841.65,1,82.7
ORD0035,2025-05-09,Central,83.3,Mini Truck,700,284.1,Low,Cloudy,2.57,810.76,1,40.6
ORD0036,2025-02-28,North,35.7,Van,300,149.1,Low,Rain,2.41,428.45,1,49.7
ORD0037,2025-11-04,Central,42.2,Bike,80,72.8,Low,Cloudy,1.63,411.57,1,91.0
ORD0038,2025-04-28,Central,71.6,Bike,80,69.6,Medium,Cloudy,3.08,646.95,1,87.0
ORD0039,2025-04-14,South,34.7,Van,300,192.2,Low,Clear,1.1,460.07,1,64.1
ORD0040,2025-12-18,West,61.6,Bike,80,46.6,Low,Cloudy,2.39,504.81,1,58.2
ORD0041,2025-07-04,North,190.5,Mini Truck,700,396.0,High,Rain,5.74,1666.79,0,56.6
ORD0042,2025-08-15,West,73.6,Truck,1500,436.7,Medium,Clear,2.8,756.77,1,29.1
ORD0043,2025-03-31,West,46.4,Truck,1500,1312.0,Medium,Clear,2.29,651.78,1,87.5
ORD0044,2025-04-12,South,172.7,Van,300,246.8,Low,Clear,4.42,1509.14,0,82.3
ORD0045,2025-09-23,North,93.4,Truck,1500,854.1,Medium,Clear,3.74,972.39,1,56.9
ORD0046,2025-06-14,Central,29.5,Truck,1500,668.4,Low,Cloudy,1.1,270.56,1,44.6
ORD0047,2025-02-23,East,33.3,Truck,1500,735.1,Medium,Clear,1.65,402.31,1,49.0
ORD0048,2025-11-01,Central,17.3,Van,300,100.9,Low,Clear,0.69,130.44,1,33.6
ORD0049,2025-05-28,West,70.9,Van,300,226.6,High,Cloudy,3.39,771.3,1,75.5
ORD0050,2025-09-01,West,12.3,Truck,1500,959.5,High,Cloudy,2.55,244.94,1,64.0
ORD0051,2025-05-05,West,172.5,Bike,80,33.1,Low,Cloudy,5.63,1425.05,0,41.4
ORD0052,2025-07-24,North,49.9,Van,300,205.8,Low,Cloudy,1.69,513.77,1,68.6
ORD0053,2025-10-11,South,96.7,Bike,80,74.8,Low,Cloudy,2.7,911.6,1,93.5
ORD0054,2025-11-20,East,47.2,Truck,1500,503.5,Medium,Cloudy,1.97,512.92,1,33.6
ORD0055,2025-03-17,East,70.1,Mini Truck,700,399.7,Low,Cloudy,3.03,697.8,1,57.1
ORD0056,2025-09-03,North,54.0,Bike,80,47.7,High,Clear,3.13,607.93,1,59.6
ORD0057,2025-11-30,East,60.5,Bike,80,29.3,High,Cloudy,3.2,625.91,1,36.6
ORD0058,2025-08-23,North,113.7,Mini Truck,700,435.5,High,Clear,3.67,1055.17,1,62.2
ORD0059,2025-02-22,West,144.6,Mini Truck,700,471.9,Medium,Clear,4.14,1342.18,1,67.4
ORD0060,2025-03-11,West,138.4,Truck,1500,540.2,High,Clear,5.06,1342.87,0,36.0
ORD0061,2025-03-16,Central,220.0,Van,300,107.5,Low,Rain,6.63,1917.83,0,35.8
ORD0062,2025-02-08,West,37.2,Truck,1500,1274.2,Medium,Cloudy,1.51,514.2,1,84.9
ORD0063,2025-10-03,South,74.1,Van,300,140.4,Medium,Clear,2.45,659.48,1,46.8
ORD0064,2025-12-19,Central,37.8,Truck,1500,1036.9,High,Cloudy,3.17,560.82,1,69.1
ORD0065,2025-07-08,East,111.1,Bike,80,55.1,Medium,Clear,3.62,1008.55,1,68.9
ORD0066,2025-08-07,South,30.5,Bike,80,67.0,High,Cloudy,2.8,370.5,1,83.8
ORD0067,2025-10-10,Central,114.8,Bike,80,61.4,Low,Cloudy,3.76,998.35,1,76.8
ORD0068,2025-06-01,South,66.3,Van,300,251.5,High,Cloudy,2.75,669.87,1,83.8
ORD0069,2025-06-22,North,55.9,Truck,1500,1031.5,Medium,Cloudy,2.33,673.76,1,68.8
ORD0070,2025-08-03,East,59.8,Bike,80,45.2,Medium,Clear,2.43,523.1,1,56.5
ORD0071,2025-04-22,West,26.9,Van,300,157.6,High,Clear,2.01,325.51,1,52.5
ORD0072,2025-01-23,North,28.5,Bike,80,41.2,Medium,Rain,1.84,315.07,1,51.5
ORD0073,2025-07-27,East,67.0,Truck,1500,814.3,Medium,Cloudy,3.37,780.28,1,54.3
ORD0074,2025-10-28,North,66.7,Mini Truck,700,238.4,Medium,Clear,2.15,706.85,1,34.1
ORD0075,2025-01-27,West,38.9,Truck,1500,820.2,Low,Clear,2.1,375.69,1,54.7
ORD0076,2025-03-21,East,49.6,Mini Truck,700,365.8,Medium,Clear,2.08,589.51,1,52.3
ORD0077,2025-04-06,South,77.8,Mini Truck,700,191.9,Low,Clear,2.29,778.7,1,27.4
ORD0078,2025-10-21,South,34.6,Truck,1500,663.9,Low,Clear,1.47,349.02,1,44.3
ORD0079,2025-07-04,East,15.8,Bike,80,62.1,High,Clear,1.77,157.8,1,77.6
ORD0080,2025-07-15,West,131.4,Truck,1500,981.8,Medium,Rain,5.08,1245.97,0,65.5
ORD0081,2025-08-24,Central,69.8,Mini Truck,700,570.0,Medium,Clear,1.9,761.37,1,81.4
ORD0082,2025-04-11,East,43.4,Mini Truck,700,440.9,Medium,Clear,2.24,556.12,1,63.0
ORD0083,2025-09-18,North,37.7,Van,300,254.4,Medium,Clear,0.93,383.36,1,84.8
ORD0084,2025-01-12,Central,34.4,Truck,1500,1210.9,Medium,Clear,1.69,550.63,1,80.7
ORD0085,2025-02-11,West,110.9,Van,300,95.6,High,Cloudy,4.84,953.57,0,31.9
ORD0086,2025-10-25,West,23.8,Bike,80,74.7,High,Clear,2.48,321.76,1,93.4
ORD0087,2025-08-29,North,74.0,Truck,1500,390.5,Medium,Cloudy,2.41,712.39,1,26.0
ORD0088,2025-03-06,South,74.0,Bike,80,53.4,Medium,Cloudy,2.35,755.76,1,66.8
ORD0089,2025-06-10,West,90.7,Bike,80,64.4,Medium,Clear,3.07,900.49,1,80.5
ORD0090,2025-01-19,Central,46.1,Mini Truck,700,337.6,Medium,Cloudy,2.31,540.96,1,48.2
ORD0091,2025-09-03,East,125.2,Bike,80,53.5,Medium,Rain,3.92,1063.21,1,66.9
ORD0092,2025-10-03,Central,92.3,Truck,1500,755.2,Medium,Clear,3.14,948.7,1,50.3
ORD0093,2025-04-12,Central,45.1,Van,300,87.7,Medium,Clear,2.13,492.95,1,29.2
ORD0094,2025-05-08,South,36.6,Bike,80,20.5,Medium,Rain,2.17,319.3,1,25.6
ORD0095,2025-03-28,Central,54.1,Truck,1500,474.6,Medium,Rain,3.02,481.62,1,31.6
ORD0096,2025-05-23,South,44.2,Mini Truck,700,223.2,Medium,Clear,1.93,519.85,1,31.9
ORD0097,2025-04-10,South,32.7,Van,300,203.3,Low,Cloudy,1.24,341.61,1,67.8
ORD0098,2025-04-01,West,61.4,Mini Truck,700,432.7,Low,Clear,1.58,545.21,1,61.8
ORD0099,2025-06-07,West,49.8,Mini Truck,700,398.2,Medium,Cloudy,2.58,523.58,1,56.9
ORD0100,2025-11-10,North,141.9,Bike,80,58.7,Medium,Clear,3.95,1277.89,1,73.4
ORD0101,2025-10-06,Central,44.1,Truck,1500,392.7,Low,Clear,1.45,454.6,1,26.2
ORD0102,2025-04-19,North,36.4,Van,300,131.9,Medium,Cloudy,2.13,331.81,1,44.0
ORD0103,2025-12-11,Central,59.0,Mini Truck,700,555.9,High,Rain,4.0,750.42,1,79.4
ORD0104,2025-03-18,North,68.5,Truck,1500,1330.5,Low,Cloudy,2.37,778.3,1,88.7
ORD0105,2025-11-29,West,71.6,Mini Truck,700,389.8,High,Clear,3.6,740.17,1,55.7
ORD0106,2025-04-23,West,71.2,Mini Truck,700,214.9,High,Clear,2.89,724.65,1,30.7
ORD0107,2025-07-17,West,60.2,Van,300,242.7,Medium,Rain,3.27,622.58,1,80.9
ORD0108,2025-03-16,West,57.6,Bike,80,69.6,Medium,Rain,3.1,520.4,1,87.0
ORD0109,2025-10-06,East,83.6,Van,300,161.9,Low,Clear,3.12,777.68,1,54.0
ORD0110,2025-04-26,West,30.8,Truck,1500,630.5,High,Cloudy,2.44,379.97,1,42.0
ORD0111,2025-11-15,South,36.5,Mini Truck,700,196.5,Medium,Clear,1.59,405.04,1,28.1
ORD0112,2025-01-31,West,19.7,Van,300,199.1,High,Clear,2.54,261.63,1,66.4
ORD0113,2025-07-03,East,31.1,Truck,1500,1330.4,Medium,Clear,1.76,404.31,1,88.7
ORD0114,2025-02-27,East,104.8,Truck,1500,1086.8,Low,Clear,2.81,1085.28,1,72.5
ORD0115,2025-11-21,East,81.5,Truck,1500,708.1,Low,Clear,3.53,793.01,1,47.2
ORD0116,2025-06-02,East,152.5,Van,300,210.0,Medium,Cloudy,4.5,1369.6,0,70.0
ORD0117,2025-09-04,North,132.5,Mini Truck,700,582.7,Medium,Clear,4.03,1135.59,1,83.2
ORD0118,2025-11-18,North,81.9,Mini Truck,700,408.2,Low,Clear,2.62,742.76,1,58.3
ORD0119,2025-07-15,South,64.3,Van,300,247.1,Medium,Clear,2.42,660.65,1,82.4
ORD0120,2025-01-21,North,59.7,Van,300,157.3,High,Clear,2.81,647.99,1,52.4
ORD0121,2025-03-22,East,11.7,Bike,80,39.5,Medium,Clear,1.26,94.98,1,49.4
ORD0122,2025-03-19,West,55.8,Van,300,197.4,Medium,Cloudy,2.6,575.68,1,65.8
ORD0123,2025-11-30,West,40.8,Mini Truck,700,402.7,Low,Clear,1.38,447.87,1,57.5
ORD0124,2025-11-28,East,32.1,Truck,1500,1401.0,High,Cloudy,3.32,569.73,1,93.4
ORD0125,2025-06-24,Central,74.5,Truck,1500,917.2,Medium,Rain,3.25,748.14,1,61.1
ORD0126,2025-11-21,East,51.8,Bike,80,41.6,High,Clear,3.04,464.05,1,52.0
ORD0127,2025-03-31,North,61.9,Mini Truck,700,368.5,Medium,Rain,2.86,585.37,1,52.6
ORD0128,2025-09-05,West,29.0,Bike,80,50.7,Medium,Rain,2.32,285.16,1,63.4
ORD0129,2025-05-24,East,94.5,Mini Truck,700,348.9,Low,Cloudy,2.99,901.04,1,49.8
ORD0130,2025-03-29,West,44.0,Van,300,226.8,Low,Cloudy,1.51,321.71,1,75.6
ORD0131,2025-04-02,East,72.3,Van,300,154.9,High,Cloudy,3.46,721.77,1,51.6
ORD0132,2025-06-03,East,46.4,Mini Truck,700,363.2,Medium,Cloudy,2.21,566.39,1,51.9
ORD0133,2025-05-04,North,10.0,Van,300,204.6,Medium,Cloudy,1.75,191.35,1,68.2
ORD0134,2025-03-19,East,76.3,Truck,1500,438.9,High,Clear,3.0,838.03,1,29.3
ORD0135,2025-05-02,West,53.9,Mini Truck,700,496.1,High,Rain,3.38,544.57,1,70.9
ORD0136,2025-02-16,South,18.7,Truck,1500,905.2,High,Cloudy,1.68,290.36,1,60.3
ORD0137,2025-12-20,West,26.6,Mini Truck,700,397.0,Low,Cloudy,2.14,379.4,1,56.7
ORD0138,2025-05-19,North,96.1,Van,300,226.0,Medium,Clear,2.88,903.52,1,75.3
ORD0139,2025-02-09,South,19.4,Truck,1500,1171.2,High,Clear,2.01,394.07,1,78.1
ORD0140,2025-07-30,East,43.3,Van,300,252.7,Medium,Clear,2.42,417.78,1,84.2
ORD0141,2025-11-19,Central,159.9,Mini Truck,700,358.7,Low,Clear,4.36,1409.73,0,51.2
ORD0142,2025-05-12,South,77.4,Bike,80,38.3,High,Clear,2.71,723.44,1,47.9
ORD0143,2025-11-05,South,88.6,Bike,80,60.0,Medium,Clear,2.43,877.96,1,75.0
ORD0144,2025-08-11,East,49.1,Mini Truck,700,460.1,Medium,Clear,2.52,654.89,1,65.7
ORD0145,2025-09-27,Central,17.4,Bike,80,55.4,High,Clear,1.47,306.27,1,69.2
ORD0146,2025-04-19,Central,65.5,Truck,1500,958.3,Medium,Clear,2.65,677.91,1,63.9
ORD0147,2025-01-14,North,27.9,Truck,1500,1186.3,Medium,Rain,2.2,302.61,1,79.1
ORD0148,2025-05-07,South,26.0,Mini Truck,700,268.1,Medium,Clear,1.55,252.19,1,38.3
ORD0149,2025-12-04,Central,61.1,Mini Truck,700,447.3,Medium,Clear,2.57,699.52,1,63.9
ORD0150,2025-10-16,North,29.3,Mini Truck,700,252.5,Low,Clear,0.92,278.78,1,36.1
ORD0151,2025-10-14,Central,56.9,Bike,80,42.8,High,Clear,2.51,590.66,1,53.5
ORD0152,2025-11-17,South,37.3,Van,300,214.4,High,Clear,2.49,489.68,1,71.5
ORD0153,2025-05-17,Central,55.8,Van,300,178.5,Low,Cloudy,1.91,603.21,1,59.5
ORD0154,2025-04-28,South,41.5,Truck,1500,773.6,Medium,Rain,1.43,486.36,1,51.6
ORD0155,2025-12-04,East,56.7,Bike,80,69.6,High,Clear,3.18,589.26,1,87.0
ORD0156,2025-07-28,West,126.4,Van,300,237.3,Low,Cloudy,3.65,1123.65,1,79.1
ORD0157,2025-04-19,North,89.8,Van,300,185.5,Medium,Clear,3.2,815.76,1,61.8
ORD0158,2025-04-12,East,52.9,Bike,80,73.2,Medium,Clear,2.8,507.15,1,91.5
ORD0159,2025-11-17,East,115.2,Bike,80,43.8,Medium,Clear,3.8,1059.81,1,54.8
ORD0160,2025-01-20,West,72.9,Van,300,240.5,Low,Clear,2.88,690.08,1,80.2
ORD0161,2025-01-23,Central,110.8,Bike,80,29.4,Medium,Cloudy,3.84,1099.72,1,36.8
ORD0162,2025-09-27,West,21.0,Bike,80,36.0,Medium,Cloudy,2.41,287.66,1,45.0
ORD0163,2025-01-01,East,29.5,Van,300,146.0,Medium,Cloudy,1.58,398.27,1,48.7
ORD0164,2025-03-04,East,65.0,Bike,80,25.9,Low,Clear,2.25,551.98,1,32.4
ORD0165,2025-12-28,East,52.1,Mini Truck,700,420.9,Medium,Cloudy,2.73,577.88,1,60.1
ORD0166,2025-06-05,Central,56.8,Bike,80,30.8,Medium,Clear,2.24,528.5,1,38.5
ORD0167,2025-09-23,South,79.8,Van,300,208.2,Low,Clear,2.75,753.73,1,69.4
ORD0168,2025-06-27,North,65.4,Van,300,114.9,Low,Clear,1.96,641.45,1,38.3
ORD0169,2025-02-03,South,94.7,Truck,1500,504.7,Low,Cloudy,3.63,884.19,1,33.6
ORD0170,2025-03-09,North,93.2,Mini Truck,700,649.9,Medium,Rain,4.46,1017.87,0,92.8
ORD0171,2025-10-05,North,30.4,Truck,1500,1066.2,Low,Clear,1.37,464.14,1,71.1
ORD0172,2025-02-04,North,10.3,Van,300,271.7,High,Cloudy,2.09,295.94,1,90.6
ORD0173,2025-08-06,West,29.1,Van,300,177.9,Medium,Cloudy,2.46,380.38,1,59.3
ORD0174,2025-05-08,West,27.8,Van,300,82.0,High,Cloudy,2.15,451.21,1,27.3
ORD0175,2025-05-16,West,59.4,Truck,1500,978.1,High,Clear,2.65,637.37,1,65.2
ORD0176,2025-12-14,East,58.9,Truck,1500,961.2,Low,Cloudy,2.74,686.62,1,64.1
ORD0177,2025-08-10,West,50.2,Truck,1500,390.7,Medium,Cloudy,2.64,491.59,1,26.0
ORD0178,2025-08-13,North,74.5,Truck,1500,1279.3,High,Rain,3.74,824.85,1,85.3
ORD0179,2025-05-08,Central,199.6,Mini Truck,700,478.8,Medium,Clear,5.71,1793.26,0,68.4
ORD0180,2025-05-20,East,49.6,Mini Truck,700,539.9,Medium,Rain,1.99,598.1,1,77.1
ORD0181,2025-09-08,Central,66.6,Truck,1500,893.6,Medium,Clear,2.47,658.88,1,59.6
ORD0182,2025-01-15,North,56.8,Van,300,204.9,Low,Cloudy,1.84,523.84,1,68.3
ORD0183,2025-03-28,East,39.2,Van,300,129.1,Medium,Clear,2.3,428.95,1,43.0
ORD0184,2025-08-08,West,80.2,Truck,1500,1397.4,High,Clear,3.96,898.19,1,93.2
ORD0185,2025-08-16,East,48.1,Van,300,159.2,High,Clear,2.95,582.29,1,53.1
ORD0186,2025-02-03,East,33.9,Bike,80,29.1,Low,Clear,1.65,500.23,1,36.4
ORD0187,2025-10-15,North,35.6,Mini Truck,700,202.4,Medium,Clear,1.22,420.24,1,28.9
ORD0188,2025-07-18,South,96.6,Van,300,208.6,Medium,Clear,3.31,869.07,1,69.5
ORD0189,2025-03-28,South,79.1,Truck,1500,1407.5,High,Clear,3.45,839.69,1,93.8
ORD0190,2025-10-02,South,42.0,Truck,1500,1315.6,Low,Clear,1.89,499.97,1,87.7
ORD0191,2025-12-28,West,73.8,Van,300,222.4,High,Cloudy,4.4,717.59,0,74.1
ORD0192,2025-06-04,West,57.2,Mini Truck,700,660.4,High,Rain,3.07,679.69,1,94.3
ORD0193,2025-04-14,West,67.3,Truck,1500,1134.0,Low,Cloudy,2.47,727.91,1,75.6
ORD0194,2025-04-20,South,38.5,Mini Truck,700,341.2,Low,Clear,1.11,387.32,1,48.7
ORD0195,2025-08-05,Central,28.4,Bike,80,53.7,High,Clear,2.24,463.85,1,67.1
ORD0196,2025-01-18,North,47.9,Mini Truck,700,214.1,Low,Rain,2.3,441.79,1,30.6
ORD0197,2025-06-26,South,31.8,Mini Truck,700,283.6,Medium,Clear,1.48,371.29,1,40.5
ORD0198,2025-01-10,North,30.3,Mini Truck,700,379.6,High,Clear,2.53,444.32,1,54.2
ORD0199,2025-01-15,South,21.9,Bike,80,31.3,Medium,Rain,1.54,315.0,1,39.1
ORD0200,2025-06-06,Central,10.3,Van,300,275.2,Medium,Rain,1.43,257.29,1,91.7
ORD0201,2025-09-30,South,42.5,Truck,1500,1420.4,Medium,Clear,1.45,574.15,1,94.7
ORD0202,2025-11-19,Central,106.9,Bike,80,40.8,Low,Cloudy,3.22,992.54,1,51.0
ORD0203,2025-02-01,East,92.2,Van,300,223.9,High,Clear,3.37,881.09,1,74.6
ORD0204,2025-03-31,West,137.1,Van,300,160.6,Medium,Cloudy,4.6,1271.09,0,53.5
ORD0205,2025-06-03,East,29.4,Bike,80,27.8,Low,Clear,1.34,348.96,1,34.8
ORD0206,2025-07-29,South,83.2,Bike,80,38.9,Low,Clear,2.16,818.6,1,48.6
ORD0207,2025-12-27,West,52.8,Van,300,124.0,High,Cloudy,3.46,504.73,1,41.3
ORD0208,2025-09-07,Central,35.7,Truck,1500,719.5,Low,Clear,1.43,374.23,1,48.0
ORD0209,2025-07-16,South,100.1,Bike,80,32.0,High,Cloudy,4.3,997.26,0,40.0
ORD0210,2025-01-23,West,53.1,Van,300,98.6,Medium,Clear,2.35,417.14,1,32.9
ORD0211,2025-01-30,South,15.7,Bike,80,32.2,High,Rain,2.32,290.84,1,40.2
ORD0212,2025-02-25,West,91.6,Mini Truck,700,618.8,High,Cloudy,3.89,985.69,1,88.4
ORD0213,2025-08-30,West,70.9,Van,300,92.9,High,Clear,3.38,699.57,1,31.0
ORD0214,2025-05-01,East,61.4,Truck,1500,716.0,High,Cloudy,3.51,678.4,1,47.7
ORD0215,2025-03-29,West,25.5,Mini Truck,700,433.9,Low,Clear,1.26,260.59,1,62.0
ORD0216,2025-09-02,South,65.7,Truck,1500,747.2,High,Clear,3.1,712.14,1,49.8
ORD0217,2025-10-25,North,126.6,Mini Truck,700,428.6,Medium,Clear,3.63,1143.12,1,61.2
ORD0218,2025-06-10,North,69.7,Van,300,84.1,Medium,Rain,3.43,640.7,1,28.0
ORD0219,2025-11-18,East,19.6,Truck,1500,1056.0,High,Cloudy,2.06,349.11,1,70.4
ORD0220,2025-09-25,Central,72.8,Van,300,193.3,High,Rain,4.13,737.53,1,64.4
ORD0221,2025-09-19,North,70.1,Truck,1500,1090.0,Medium,Rain,3.19,742.67,1,72.7
ORD0222,2025-11-13,East,87.1,Truck,1500,970.6,Medium,Rain,4.26,969.51,0,64.7
ORD0223,2025-03-09,West,69.0,Mini Truck,700,389.6,Medium,Clear,2.39,672.26,1,55.7
ORD0224,2025-10-04,South,30.3,Mini Truck,700,346.6,Medium,Rain,1.61,384.98,1,49.5
ORD0225,2025-12-16,West,59.4,Van,300,122.6,Medium,Cloudy,2.55,564.18,1,40.9
ORD0226,2025-12-29,South,48.4,Truck,1500,900.1,Medium,Clear,1.47,535.48,1,60.0
ORD0227,2025-07-30,Central,63.7,Mini Truck,700,187.8,Low,Cloudy,1.83,525.78,1,26.8
ORD0228,2025-10-03,East,102.2,Truck,1500,719.7,Low,Clear,3.35,889.59,1,48.0
ORD0229,2025-11-21,East,37.2,Van,300,217.4,High,Clear,2.49,405.49,1,72.5
ORD0230,2025-11-08,North,148.7,Truck,1500,489.2,Medium,Clear,4.27,1360.01,0,32.6
ORD0231,2025-11-24,East,72.6,Van,300,88.2,High,Clear,3.19,787.49,1,29.4
ORD0232,2025-10-31,Central,91.9,Bike,80,56.5,Medium,Clear,2.93,771.06,1,70.6
ORD0233,2025-05-20,North,85.0,Bike,80,42.3,Low,Rain,3.75,740.55,1,52.9
ORD0234,2025-09-24,West,70.9,Mini Truck,700,567.9,Low,Cloudy,2.43,630.04,1,81.1
ORD0235,2025-05-30,East,78.6,Van,300,271.8,Low,Clear,2.11,719.19,1,90.6
ORD0236,2025-10-20,West,3.0,Bike,80,73.6,High,Clear,2.05,216.21,1,92.0
ORD0237,2025-10-23,West,84.9,Van,300,164.4,Low,Clear,2.75,754.16,1,54.8
ORD0238,2025-12-08,East,32.0,Mini Truck,700,304.5,Medium,Clear,2.52,377.22,1,43.5
ORD0239,2025-08-03,South,55.1,Van,300,202.8,High,Cloudy,2.68,670.18,1,67.6
ORD0240,2025-06-23,West,70.6,Truck,1500,1034.6,High,Clear,3.68,819.12,1,69.0
ORD0241,2025-03-02,North,104.8,Truck,1500,1028.5,Low,Cloudy,3.62,972.1,1,68.6
ORD0242,2025-08-21,East,32.0,Mini Truck,700,332.7,Low,Cloudy,1.48,360.81,1,47.5
ORD0243,2025-07-26,North,43.1,Truck,1500,441.9,Low,Cloudy,1.52,416.87,1,29.5
ORD0244,2025-07-07,West,46.9,Van,300,119.1,Low,Rain,2.78,477.81,1,39.7
ORD0245,2025-09-04,West,64.2,Bike,80,28.6,Low,Clear,2.53,616.71,1,35.8
ORD0246,2025-11-07,North,48.7,Bike,80,26.9,Medium,Rain,2.17,432.87,1,33.6
ORD0247,2025-02-24,West,78.8,Truck,1500,1347.6,High,Cloudy,3.38,898.7,1,89.8
ORD0248,2025-06-07,East,16.2,Truck,1500,389.5,Medium,Cloudy,0.75,251.98,1,26.0
ORD0249,2025-09-21,West,52.4,Mini Truck,700,469.9,Medium,Cloudy,2.81,585.09,1,67.1
ORD0250,2025-10-27,North,133.6,Bike,80,73.1,Low,Cloudy,3.84,1203.55,1,91.4
ORD0251,2025-10-12,North,48.8,Van,300,150.6,High,Rain,3.15,570.42,1,50.2
ORD0252,2025-10-19,East,72.7,Bike,80,49.5,Medium,Clear,2.19,679.63,1,61.9
ORD0253,2025-11-09,North,95.7,Bike,80,59.0,High,Cloudy,3.55,968.76,1,73.8
ORD0254,2025-12-18,South,71.4,Bike,80,37.8,High,Cloudy,3.08,685.81,1,47.2
ORD0255,2025-08-10,West,156.2,Mini Truck,700,409.0,Medium,Clear,4.63,1346.83,0,58.4
ORD0256,2025-04-01,North,60.3,Bike,80,65.8,Low,Rain,2.63,420.66,1,82.2
ORD0257,2025-07-25,West,81.1,Truck,1500,1157.6,Low,Clear,2.93,819.12,1,77.2
ORD0258,2025-09-17,North,65.7,Van,300,244.8,Medium,Cloudy,3.46,614.74,1,81.6
ORD0259,2025-02-06,North,118.7,Van,300,282.3,High,Clear,4.27,1150.75,0,94.1
ORD0260,2025-10-04,East,44.5,Mini Truck,700,356.5,Medium,Clear,2.5,397.48,1,50.9
ORD0261,2025-07-18,West,163.2,Truck,1500,1159.4,High,Cloudy,5.5,1538.89,0,77.3
ORD0262,2025-12-08,North,37.8,Van,300,201.6,Medium,Clear,1.21,440.62,1,67.2
ORD0263,2025-03-19,South,140.7,Bike,80,57.3,Low,Clear,3.68,1177.17,1,71.6
ORD0264,2025-11-28,Central,29.5,Bike,80,61.4,Medium,Clear,1.09,358.34,1,76.8
ORD0265,2025-06-13,Central,82.6,Truck,1500,1162.2,Medium,Clear,2.92,837.89,1,77.5
ORD0266,2025-07-29,East,57.2,Bike,80,69.6,Medium,Cloudy,2.34,565.92,1,87.0
ORD0267,2025-08-29,East,94.6,Mini Truck,700,346.2,Medium,Rain,3.22,923.33,1,49.5
ORD0268,2025-07-31,South,73.8,Van,300,212.2,Low,Clear,2.81,729.7,1,70.7
ORD0269,2025-11-26,West,91.7,Truck,1500,669.3,Medium,Cloudy,3.35,902.89,1,44.6
ORD0270,2025-03-03,East,28.8,Bike,80,53.3,Low,Clear,0.81,268.98,1,66.6
ORD0271,2025-09-24,South,18.5,Truck,1500,1163.7,High,Cloudy,2.3,361.1,1,77.6
ORD0272,2025-12-22,North,25.7,Mini Truck,700,562.6,Low,Clear,0.91,349.5,1,80.4
ORD0273,2025-03-22,North,25.3,Van,300,163.2,Low,Clear,1.53,239.28,1,54.4
ORD0274,2025-04-04,Central,28.6,Bike,80,48.5,Medium,Clear,1.37,323.28,1,60.6
ORD0275,2025-06-23,East,39.5,Truck,1500,725.5,Medium,Cloudy,2.0,457.52,1,48.4
ORD0276,2025-09-22,East,39.3,Van,300,110.5,Medium,Clear,2.11,419.2,1,36.8
ORD0277,2025-12-17,East,58.0,Van,300,129.7,Medium,Clear,2.64,533.46,1,43.2
ORD0278,2025-10-18,West,33.5,Van,300,266.5,High,Cloudy,2.97,349.54,1,88.8
ORD0279,2025-10-17,North,35.2,Bike,80,37.3,Medium,Cloudy,1.91,408.46,1,46.6
ORD0280,2025-06-11,North,50.6,Van,300,279.7,Medium,Clear,2.29,573.53,1,93.2
ORD0281,2025-08-24,South,102.0,Bike,80,33.5,Medium,Cloudy,3.69,851.46,1,41.9
ORD0282,2025-03-19,East,44.0,Bike,80,60.5,Low,Rain,2.42,447.22,1,75.6
ORD0283,2025-06-19,West,55.7,Van,300,195.5,Medium,Clear,2.43,614.18,1,65.2
ORD0284,2025-03-10,East,61.2,Bike,80,59.0,Low,Cloudy,1.85,598.67,1,73.8
ORD0285,2025-01-10,East,30.8,Van,300,210.2,Medium,Clear,1.99,344.01,1,70.1
ORD0286,2025-11-09,Central,46.7,Truck,1500,1117.1,Low,Cloudy,1.93,494.88,1,74.5
ORD0287,2025-10-21,North,37.1,Bike,80,70.7,High,Clear,2.19,450.37,1,88.4
ORD0288,2025-07-06,East,96.6,Bike,80,51.6,Medium,Cloudy,4.0,900.27,1,64.5
ORD0289,2025-01-06,East,92.1,Bike,80,23.8,High,Clear,3.29,898.64,1,29.8
ORD0290,2025-02-02,East,34.7,Mini Truck,700,307.7,Medium,Clear,2.45,393.98,1,44.0
ORD0291,2025-02-10,Central,55.1,Van,300,223.7,Low,Rain,2.5,485.72,1,74.6
ORD0292,2025-09-19,South,81.1,Van,300,178.8,High,Clear,3.39,835.28,1,59.6
ORD0293,2025-03-16,Central,69.1,Bike,80,50.7,Medium,Rain,3.06,685.11,1,63.4
ORD0294,2025-04-02,South,73.5,Van,300,200.3,High,Rain,3.12,764.68,1,66.8
ORD0295,2025-11-11,East,31.0,Van,300,155.4,Medium,Rain,2.34,364.39,1,51.8
ORD0296,2025-11-16,East,137.9,Van,300,237.5,Medium,Clear,4.45,1318.01,0,79.2
ORD0297,2025-10-06,Central,39.0,Mini Truck,700,529.5,High,Cloudy,2.87,471.1,1,75.6
ORD0298,2025-04-23,East,38.3,Truck,1500,1125.0,Medium,Clear,1.89,554.72,1,75.0
ORD0299,2025-07-31,South,23.6,Van,300,225.2,Medium,Clear,0.59,271.41,1,75.1
ORD0300,2025-03-15,North,51.9,Truck,1500,1309.9,Medium,Rain,2.2,673.57,1,87.3
ORD0301,2025-11-10,South,108.1,Mini Truck,700,466.7,Medium,Cloudy,4.29,1072.33,0,66.7
ORD0302,2025-01-31,Central,68.7,Van,300,278.1,High,Clear,2.75,709.6,1,92.7
ORD0303,2025-09-29,North,54.4,Bike,80,26.7,Medium,Clear,2.7,616.16,1,33.4
ORD0304,2025-07-06,Central,88.3,Van,300,207.7,Medium,Cloudy,2.93,855.12,1,69.2
ORD0305,2025-10-04,East,106.6,Mini Truck,700,526.3,High,Cloudy,4.27,1013.76,0,75.2
ORD0306,2025-06-14,North,92.0,Bike,80,46.7,Medium,Clear,3.31,834.37,1,58.4
ORD0307,2025-02-27,South,14.7,Truck,1500,677.6,Medium,Rain,1.46,318.48,1,45.2
ORD0308,2025-10-02,East,88.8,Van,300,190.5,Medium,Clear,3.72,877.72,1,63.5
ORD0309,2025-08-19,South,75.2,Truck,1500,758.0,Low,Clear,2.27,694.49,1,50.5
ORD0310,2025-06-19,North,34.2,Mini Truck,700,620.5,Medium,Cloudy,2.08,416.77,1,88.6
ORD0311,2025-05-17,West,75.4,Van,300,149.9,Low,Rain,3.1,704.1,1,50.0
ORD0312,2025-05-06,West,108.2,Bike,80,29.8,Low,Clear,3.61,932.04,1,37.2
ORD0313,2025-06-25,North,40.1,Mini Truck,700,457.4,Medium,Clear,2.41,564.52,1,65.3
ORD0314,2025-04-06,South,95.7,Van,300,158.2,Medium,Clear,3.03,901.16,1,52.7
ORD0315,2025-04-14,South,69.6,Bike,80,25.4,High,Rain,4.21,707.04,0,31.8
ORD0316,2025-04-12,West,5.0,Truck,1500,968.1,Low,Clear,0.7,236.89,1,64.5
ORD0317,2025-01-05,West,56.9,Van,300,187.9,Low,Clear,2.42,529.84,1,62.6
ORD0318,2025-12-05,West,68.0,Bike,80,29.7,High,Rain,4.09,742.3,1,37.1
ORD0319,2025-03-28,Central,47.9,Van,300,200.5,Low,Clear,1.37,398.42,1,66.8
ORD0320,2025-03-02,West,71.1,Van,300,194.1,Low,Cloudy,2.77,643.37,1,64.7
ORD0321,2025-02-25,South,53.2,Truck,1500,1187.3,Low,Clear,1.72,643.73,1,79.2
ORD0322,2025-12-27,North,181.7,Mini Truck,700,352.2,Medium,Cloudy,5.13,1681.65,0,50.3
ORD0323,2025-06-24,West,45.8,Bike,80,33.9,High,Clear,2.92,480.41,1,42.4
ORD0324,2025-04-30,Central,34.8,Bike,80,73.3,High,Clear,2.38,388.51,1,91.6
ORD0325,2025-05-28,Central,93.0,Mini Truck,700,450.0,Medium,Clear,3.14,917.15,1,64.3
ORD0326,2025-02-02,South,49.5,Bike,80,21.5,Low,Cloudy,1.8,444.34,1,26.9
ORD0327,2025-04-25,South,55.0,Van,300,247.3,Medium,Cloudy,2.28,551.55,1,82.4
ORD0328,2025-04-01,North,52.2,Bike,80,31.0,Medium,Clear,2.01,562.7,1,38.8
ORD0329,2025-10-21,North,90.1,Bike,80,64.0,Low,Clear,2.74,784.46,1,80.0
ORD0330,2025-01-22,East,28.4,Truck,1500,1115.4,Low,Rain,1.75,298.97,1,74.4
ORD0331,2025-06-05,East,95.6,Bike,80,74.3,Medium,Clear,4.26,824.49,0,92.9
ORD0332,2025-10-16,South,78.8,Bike,80,74.1,Low,Clear,1.83,717.17,1,92.6
ORD0333,2025-11-01,South,149.0,Truck,1500,663.1,Medium,Cloudy,4.34,1283.95,0,44.2
ORD0334,2025-07-07,Central,64.9,Bike,80,62.9,Medium,Clear,2.32,617.0,1,78.6
ORD0335,2025-03-23,East,29.9,Truck,1500,707.7,Low,Clear,2.13,303.93,1,47.2
ORD0336,2025-05-04,Central,65.3,Bike,80,55.2,Medium,Clear,2.04,707.02,1,69.0
ORD0337,2025-03-23,Central,70.2,Bike,80,53.5,High,Clear,3.32,814.05,1,66.9
ORD0338,2025-08-30,South,113.5,Bike,80,23.1,Medium,Clear,3.59,978.06,1,28.9
ORD0339,2025-04-17,South,29.8,Mini Truck,700,177.5,High,Cloudy,2.38,407.3,1,25.4
ORD0340,2025-08-19,Central,19.6,Mini Truck,700,203.3,Medium,Cloudy,2.05,226.98,1,29.0
ORD0341,2025-08-28,West,66.1,Van,300,101.9,High,Clear,3.7,673.66,1,34.0
ORD0342,2025-12-10,South,152.6,Bike,80,34.4,Low,Cloudy,4.13,1400.33,1,43.0
ORD0343,2025-05-16,West,85.4,Bike,80,70.8,Medium,Clear,3.25,778.24,1,88.5
ORD0344,2025-12-17,East,88.3,Mini Truck,700,429.1,Low,Cloudy,2.35,810.4,1,61.3
ORD0345,2025-05-27,Central,23.1,Bike,80,64.6,Medium,Clear,1.54,245.54,1,80.7
ORD0346,2025-09-06,South,59.8,Mini Truck,700,585.8,Medium,Cloudy,2.15,681.87,1,83.7
ORD0347,2025-08-30,Central,114.7,Mini Truck,700,535.1,Low,Clear,3.27,901.72,1,76.4
ORD0348,2025-10-26,Central,70.7,Truck,1500,786.0,High,Clear,2.59,759.3,1,52.4
ORD0349,2025-06-21,North,18.6,Van,300,256.4,Medium,Clear,1.49,264.21,1,85.5
ORD0350,2025-10-17,North,59.1,Bike,80,61.6,Low,Clear,1.36,524.76,1,77.0
ORD0351,2025-05-10,East,82.0,Van,300,231.1,Low,Clear,2.71,795.03,1,77.0
ORD0352,2025-06-29,North,2.9,Truck,1500,1321.7,Medium,Cloudy,0.74,276.23,1,88.1
ORD0353,2025-07-02,South,55.3,Mini Truck,700,468.3,Medium,Cloudy,2.02,520.2,1,66.9
ORD0354,2025-09-15,East,32.4,Mini Truck,700,434.0,Medium,Clear,2.22,487.39,1,62.0
ORD0355,2025-08-14,Central,94.6,Van,300,261.9,Low,Rain,3.66,797.79,1,87.3
ORD0356,2025-01-29,Central,44.7,Bike,80,45.4,High,Cloudy,3.17,564.77,1,56.8
ORD0357,2025-10-23,North,74.6,Truck,1500,1227.1,High,Rain,4.37,853.7,0,81.8
ORD0358,2025-10-04,Central,58.2,Truck,1500,431.5,Medium,Cloudy,2.26,581.71,1,28.8
ORD0359,2025-02-08,North,43.6,Truck,1500,376.4,Medium,Cloudy,2.66,462.1,1,25.1
ORD0360,2025-12-18,West,162.2,Truck,1500,929.7,High,Clear,5.05,1539.98,0,62.0
ORD0361,2025-08-30,Central,40.5,Van,300,90.5,High,Cloudy,2.93,485.9,1,30.2
ORD0362,2025-02-01,Central,61.1,Van,300,280.1,Medium,Rain,2.83,575.13,1,93.4
ORD0363,2025-06-29,South,58.0,Bike,80,20.3,High,Clear,2.41,604.05,1,25.4
ORD0364,2025-11-02,Central,65.2,Truck,1500,1129.1,High,Clear,3.27,727.07,1,75.3
ORD0365,2025-04-13,North,155.5,Mini Truck,700,294.3,High,Clear,5.48,1380.98,0,42.0
ORD0366,2025-12-07,East,82.1,Van,300,278.2,Medium,Rain,3.93,751.66,1,92.7
ORD0367,2025-06-02,East,43.3,Truck,1500,775.6,Low,Clear,1.81,430.53,1,51.7
ORD0368,2025-03-24,South,128.9,Mini Truck,700,188.4,Low,Cloudy,3.77,1118.08,1,26.9
ORD0369,2025-05-11,North,90.3,Truck,1500,403.3,Medium,Cloudy,3.44,885.46,1,26.9
ORD0370,2025-07-11,West,43.9,Truck,1500,956.0,Medium,Rain,2.9,534.58,1,63.7
ORD0371,2025-09-09,South,117.9,Bike,80,75.3,Medium,Clear,3.8,1154.92,1,94.1
ORD0372,2025-12-05,West,23.0,Van,300,280.8,Medium,Cloudy,1.97,204.24,1,93.6
ORD0373,2025-03-13,East,27.6,Mini Truck,700,340.3,Medium,Rain,2.6,367.89,1,48.6
ORD0374,2025-12-17,South,17.7,Truck,1500,881.8,High,Clear,1.2,352.81,1,58.8
ORD0375,2025-07-12,Central,12.0,Bike,80,25.6,Low,Cloudy,1.04,201.93,1,32.0
ORD0376,2025-02-16,North,113.2,Van,300,184.7,Low,Clear,2.76,1040.44,1,61.6
ORD0377,2025-12-05,West,65.7,Mini Truck,700,468.9,High,Cloudy,3.56,705.52,1,67.0
ORD0378,2025-05-08,West,19.0,Truck,1500,638.6,High,Clear,2.73,351.47,1,42.6
ORD0379,2025-08-15,South,57.1,Bike,80,54.3,High,Clear,2.54,576.31,1,67.9
ORD0380,2025-09-12,South,97.4,Mini Truck,700,615.8,High,Clear,3.71,1012.75,1,88.0
ORD0381,2025-01-05,North,36.0,Van,300,75.2,High,Clear,2.57,353.33,1,25.1
ORD0382,2025-03-22,Central,47.9,Bike,80,32.8,Medium,Clear,1.37,523.06,1,41.0
ORD0383,2025-09-08,Central,166.5,Mini Truck,700,277.9,Medium,Cloudy,4.93,1479.51,0,39.7
ORD0384,2025-04-29,South,50.6,Van,300,101.0,Low,Clear,1.78,466.36,1,33.7
ORD0385,2025-01-04,North,20.2,Mini Truck,700,256.4,Medium,Clear,0.37,268.6,1,36.6
ORD0386,2025-01-09,North,41.6,Van,300,206.4,High,Cloudy,2.3,487.79,1,68.8
ORD0387,2025-10-29,North,18.0,Truck,1500,482.8,Medium,Cloudy,1.91,337.45,1,32.2
ORD0388,2025-02-26,Central,86.0,Bike,80,61.4,Medium,Clear,3.35,948.67,1,76.8
ORD0389,2025-02-06,Central,32.6,Truck,1500,1306.4,Low,Rain,2.11,491.92,1,87.1
ORD0390,2025-07-25,North,31.9,Bike,80,71.9,Low,Clear,1.62,307.08,1,89.9
ORD0391,2025-02-13,West,175.0,Mini Truck,700,498.5,Low,Cloudy,5.24,1568.4,0,71.2
ORD0392,2025-08-27,North,25.5,Van,300,116.5,Low,Clear,1.35,313.8,1,38.8
ORD0393,2025-07-18,South,22.3,Van,300,92.9,High,Cloudy,1.97,285.42,1,31.0
ORD0394,2025-08-25,East,28.6,Bike,80,33.0,Medium,Rain,2.37,273.83,1,41.2
ORD0395,2025-06-29,West,99.2,Mini Truck,700,646.4,High,Cloudy,4.04,999.11,1,92.3
ORD0396,2025-10-12,Central,79.5,Bike,80,73.9,Medium,Cloudy,3.49,787.43,1,92.4
ORD0397,2025-08-24,North,41.3,Mini Truck,700,362.1,Low,Cloudy,2.27,360.01,1,51.7
ORD0398,2025-06-01,North,38.9,Mini Truck,700,334.6,Low,Clear,1.96,378.02,1,47.8
ORD0399,2025-01-06,South,76.0,Truck,1500,910.5,High,Cloudy,3.22,858.76,1,60.7
ORD0400,2025-04-10,South,67.2,Mini Truck,700,317.9,Low,Cloudy,1.92,643.09,1,45.4
ORD0401,2025-02-17,Central,52.7,Van,300,280.7,High,Rain,3.8,655.38,1,93.6
ORD0402,2025-01-06,West,81.1,Mini Truck,700,283.4,Low,Clear,2.92,689.54,1,40.5
ORD0403,2025-04-10,South,27.3,Truck,1500,762.6,Medium,Clear,1.57,483.81,1,50.8
ORD0404,2025-03-17,Central,33.0,Van,300,165.2,High,Cloudy,2.26,351.63,1,55.1
ORD0405,2025-01-29,East,83.6,Bike,80,27.0,Low,Clear,2.84,661.65,1,33.8
ORD0406,2025-04-25,East,70.4,Truck,1500,777.0,Low,Clear,2.0,702.19,1,51.8
ORD0407,2025-07-04,East,11.2,Bike,80,68.0,High,Clear,2.09,182.83,1,85.0
ORD0408,2025-03-07,North,59.6,Mini Truck,700,243.8,Low,Cloudy,2.65,571.46,1,34.8
ORD0409,2025-04-10,Central,171.5,Bike,80,52.7,Medium,Clear,5.6,1500.44,0,65.9
ORD0410,2025-01-08,North,91.6,Bike,80,42.8,Medium,Clear,3.33,838.99,1,53.5
ORD0411,2025-01-19,North,42.1,Truck,1500,554.1,Low,Clear,1.07,416.63,1,36.9
ORD0412,2025-02-27,South,35.0,Bike,80,20.7,High,Rain,2.85,445.01,1,25.9
ORD0413,2025-06-15,South,72.4,Mini Truck,700,308.9,High,Cloudy,4.02,741.49,1,44.1
ORD0414,2025-09-01,North,113.0,Mini Truck,700,205.3,Medium,Clear,3.29,1085.88,1,29.3
ORD0415,2025-10-15,North,15.9,Bike,80,41.1,High,Clear,1.81,262.5,1,51.4
ORD0416,2025-08-18,West,69.4,Bike,80,65.4,Low,Cloudy,3.15,595.57,1,81.8
ORD0417,2025-08-14,Central,47.4,Truck,1500,1130.7,Low,Clear,1.94,467.85,1,75.4
ORD0418,2025-12-08,North,65.7,Mini Truck,700,639.2,Medium,Cloudy,3.53,674.72,1,91.3
ORD0419,2025-04-04,South,21.1,Bike,80,43.9,High,Clear,1.6,256.4,1,54.9
ORD0420,2025-10-19,East,113.0,Truck,1500,1118.2,Low,Rain,3.64,1020.11,1,74.5
ORD0421,2025-12-08,Central,130.5,Van,300,214.7,Low,Clear,4.14,1175.82,1,71.6
ORD0422,2025-07-27,West,86.8,Bike,80,32.2,Medium,Cloudy,3.0,727.45,1,40.2
ORD0423,2025-11-03,West,145.4,Truck,1500,693.8,High,Clear,5.09,1448.69,0,46.3
ORD0424,2025-02-20,East,45.9,Bike,80,49.7,Low,Rain,2.37,452.28,1,62.1
ORD0425,2025-11-17,East,68.4,Mini Truck,700,565.4,Medium,Rain,3.64,697.0,1,80.8
ORD0426,2025-07-25,North,87.6,Truck,1500,859.9,Medium,Cloudy,3.4,833.25,1,57.3
ORD0427,2025-03-22,Central,73.0,Mini Truck,700,286.6,Medium,Clear,2.85,749.04,1,40.9
ORD0428,2025-01-23,Central,49.7,Mini Truck,700,661.8,Low,Clear,1.64,525.11,1,94.5
ORD0429,2025-09-20,North,53.1,Van,300,99.3,Low,Cloudy,2.44,477.18,1,33.1
ORD0430,2025-06-07,West,123.8,Bike,80,73.5,Medium,Cloudy,5.71,1123.2,0,91.9
ORD0431,2025-04-24,North,57.8,Mini Truck,700,571.4,Medium,Clear,2.52,536.64,1,81.6
ORD0432,2025-05-23,West,109.3,Truck,1500,1255.8,High,Clear,4.34,1060.51,0,83.7
ORD0433,2025-12-28,Central,55.9,Bike,80,64.5,Medium,Clear,1.83,506.37,1,80.6
ORD0434,2025-06-06,North,109.0,Truck,1500,593.6,Medium,Cloudy,3.47,1049.78,1,39.6
ORD0435,2025-01-29,East,61.6,Van,300,207.8,High,Cloudy,3.19,658.53,1,69.3
ORD0436,2025-04-13,North,83.4,Mini Truck,700,545.8,Medium,Cloudy,2.9,867.53,1,78.0
ORD0437,2025-02-23,East,37.9,Bike,80,61.8,Medium,Cloudy,2.15,367.46,1,77.2
ORD0438,2025-09-08,Central,68.3,Mini Truck,700,308.1,High,Clear,3.75,747.53,1,44.0
ORD0439,2025-10-20,North,38.3,Bike,80,30.1,Low,Clear,1.9,376.24,1,37.6
ORD0440,2025-11-03,South,45.2,Van,300,143.9,Medium,Clear,1.82,432.32,1,48.0
ORD0441,2025-08-20,Central,47.5,Mini Truck,700,410.1,High,Cloudy,2.41,576.75,1,58.6
ORD0442,2025-10-08,South,52.5,Bike,80,52.1,Low,Clear,2.17,496.68,1,65.1
ORD0443,2025-06-02,North,101.9,Van,300,250.8,Medium,Clear,3.31,919.97,1,83.6
ORD0444,2025-08-18,East,44.0,Mini Truck,700,551.8,Low,Clear,1.14,472.22,1,78.8
ORD0445,2025-02-09,East,64.2,Bike,80,57.9,Low,Clear,2.48,589.85,1,72.4
ORD0446,2025-07-16,West,109.2,Van,300,130.3,Medium,Cloudy,4.31,991.71,0,43.4
ORD0447,2025-07-23,South,82.4,Van,300,175.6,Low,Clear,1.56,735.86,1,58.5
ORD0448,2025-01-12,Central,16.2,Mini Truck,700,339.4,High,Clear,1.6,237.93,1,48.5
ORD0449,2025-07-20,East,20.7,Truck,1500,621.7,High,Cloudy,2.25,359.61,1,41.4
ORD0450,2025-09-21,South,73.8,Truck,1500,385.8,High,Clear,3.36,737.07,1,25.7
ORD0451,2025-05-15,Central,42.6,Bike,80,39.0,Low,Clear,1.43,371.79,1,48.8
ORD0452,2025-07-18,Central,18.6,Bike,80,34.3,Low,Clear,0.75,209.18,1,42.9
ORD0453,2025-04-15,East,40.7,Bike,80,52.0,Low,Cloudy,2.12,435.53,1,65.0
ORD0454,2025-04-09,North,75.5,Mini Truck,700,205.5,Low,Clear,2.18,708.54,1,29.4
ORD0455,2025-02-17,East,47.2,Bike,80,35.1,High,Cloudy,3.11,502.78,1,43.9
ORD0456,2025-04-30,East,60.5,Bike,80,22.5,Medium,Rain,2.7,564.96,1,28.1
ORD0457,2025-10-21,North,49.9,Truck,1500,1048.5,Low,Cloudy,1.46,586.5,1,69.9
ORD0458,2025-12-08,West,37.0,Truck,1500,971.6,High,Clear,2.85,410.51,1,64.8
ORD0459,2025-08-21,Central,67.5,Truck,1500,729.4,Medium,Cloudy,2.85,740.79,1,48.6
ORD0460,2025-08-16,North,17.1,Van,300,105.9,Low,Clear,1.28,129.27,1,35.3
ORD0461,2025-08-13,West,34.0,Mini Truck,700,644.4,Low,Clear,1.42,331.5,1,92.1
ORD0462,2025-06-23,North,91.4,Mini Truck,700,461.4,Medium,Clear,2.8,856.51,1,65.9
ORD0463,2025-06-04,West,21.2,Bike,80,58.0,High,Clear,2.68,412.84,1,72.5
ORD0464,2025-08-15,East,58.6,Mini Truck,700,435.4,Low,Clear,1.56,656.19,1,62.2
ORD0465,2025-10-14,North,44.9,Mini Truck,700,570.2,High,Clear,2.96,582.24,1,81.5
ORD0466,2025-06-01,Central,42.2,Van,300,263.2,High,Clear,2.97,519.92,1,87.7
ORD0467,2025-07-26,North,96.5,Truck,1500,776.8,High,Clear,4.05,906.41,1,51.8
ORD0468,2025-06-21,East,107.4,Mini Truck,700,513.1,Low,Cloudy,3.22,993.58,1,73.3
ORD0469,2025-04-15,North,28.6,Mini Truck,700,287.6,Low,Rain,1.55,297.81,1,41.1
ORD0470,2025-04-16,Central,52.8,Mini Truck,700,494.4,High,Clear,2.68,572.47,1,70.6
ORD0471,2025-01-29,West,13.6,Truck,1500,794.1,Medium,Cloudy,1.22,275.37,1,52.9
ORD0472,2025-06-10,Central,93.4,Mini Truck,700,178.3,Medium,Clear,2.84,851.63,1,25.5
ORD0473,2025-09-18,East,56.8,Van,300,275.7,High,Clear,3.18,663.87,1,91.9
ORD0474,2025-09-08,East,20.1,Truck,1500,1286.9,Low,Clear,1.41,245.61,1,85.8
ORD0475,2025-12-26,West,35.1,Mini Truck,700,317.5,High,Clear,2.17,453.55,1,45.4
ORD0476,2025-01-15,West,26.8,Truck,1500,1422.6,High,Clear,2.58,431.33,1,94.8
ORD0477,2025-10-05,Central,33.8,Bike,80,37.8,Medium,Clear,1.91,354.39,1,47.2
ORD0478,2025-10-18,North,14.7,Van,300,171.4,Medium,Clear,1.78,241.22,1,57.1
ORD0479,2025-06-09,West,123.1,Truck,1500,1268.8,High,Clear,4.83,1197.42,0,84.6
ORD0480,2025-04-14,North,29.4,Mini Truck,700,324.3,Medium,Clear,1.97,367.11,1,46.3
ORD0481,2025-05-11,South,58.6,Truck,1500,848.1,Medium,Clear,2.36,631.47,1,56.5
ORD0482,2025-09-07,Central,75.1,Bike,80,57.3,High,Clear,3.63,727.28,1,71.6
ORD0483,2025-11-11,South,107.5,Bike,80,27.3,Medium,Clear,2.91,955.19,1,34.1
ORD0484,2025-08-23,West,59.8,Truck,1500,818.5,Low,Clear,2.18,613.83,1,54.6
ORD0485,2025-07-07,East,49.4,Van,300,140.0,Low,Clear,1.86,446.75,1,46.7
ORD0486,2025-08-27,South,61.3,Mini Truck,700,506.6,Low,Clear,1.82,608.7,1,72.4
ORD0487,2025-01-26,South,28.5,Van,300,103.6,Medium,Clear,1.63,322.36,1,34.5
ORD0488,2025-08-10,East,30.1,Van,300,123.9,Medium,Rain,2.59,322.35,1,41.3
ORD0489,2025-01-16,West,48.7,Truck,1500,1121.9,Medium,Clear,2.45,653.52,1,74.8
ORD0490,2025-12-17,West,10.7,Bike,80,28.7,Medium,Clear,1.34,201.88,1,35.9
ORD0491,2025-11-21,Central,37.6,Truck,1500,818.1,High,Clear,2.14,493.15,1,54.5
ORD0492,2025-07-05,Central,43.1,Truck,1500,1123.5,High,Rain,3.51,586.95,1,74.9
ORD0493,2025-05-17,West,157.8,Mini Truck,700,550.1,Low,Cloudy,4.88,1356.57,0,78.6
ORD0494,2025-09-25,West,115.4,Van,300,94.9,Medium,Cloudy,3.74,1027.03,1,31.6
ORD0495,2025-08-21,South,74.9,Bike,80,67.7,Medium,Rain,3.12,698.13,1,84.6
ORD0496,2025-09-15,East,94.7,Mini Truck,700,529.7,Medium,Clear,2.69,855.83,1,75.7
ORD0497,2025-07-08,North,29.9,Van,300,146.3,Low,Rain,1.88,339.64,1,48.8
ORD0498,2025-03-28,South,62.3,Bike,80,62.8,High,Clear,2.76,630.31,1,78.5
ORD0499,2025-01-27,Central,88.1,Van,300,227.9,High,Cloudy,3.6,861.35,1,76.0
ORD0500,2025-04-14,East,30.1,Truck,1500,1005.9,Medium,Clear,2.32,394.94,1,67.1
ORD0501,2025-07-13,North,20.7,Van,300,192.3,High,Clear,1.54,455.42,1,64.1
ORD0502,2025-06-04,West,70.3,Bike,80,61.1,High,Rain,4.22,688.59,0,76.4
ORD0503,2025-07-04,Central,22.5,Mini Truck,700,664.6,Medium,Clear,2.25,237.49,1,94.9
ORD0504,2025-04-12,Central,78.9,Bike,80,52.4,Medium,Rain,3.81,672.42,1,65.5
ORD0505,2025-12-09,South,106.4,Truck,1500,1224.2,Medium,Clear,3.32,1097.74,1,81.6
ORD0506,2025-05-14,East,30.8,Truck,1500,1156.5,High,Cloudy,2.14,542.19,1,77.1
ORD0507,2025-11-05,East,32.4,Truck,1500,1273.6,Low,Rain,1.6,402.26,1,84.9
ORD0508,2025-05-23,South,104.6,Truck,1500,1377.3,Medium,Clear,3.15,1118.84,1,91.8
ORD0509,2025-06-11,South,60.0,Bike,80,30.8,High,Rain,3.14,664.75,1,38.5
ORD0510,2025-08-09,South,96.8,Bike,80,29.3,Low,Cloudy,2.7,852.6,1,36.6
ORD0511,2025-04-07,Central,49.8,Van,300,198.1,High,Cloudy,2.77,549.58,1,66.0
ORD0512,2025-03-22,West,52.2,Van,300,169.4,Medium,Clear,2.36,542.47,1,56.5
ORD0513,2025-05-19,Central,59.0,Truck,1500,974.3,High,Clear,3.08,738.61,1,65.0
ORD0514,2025-10-21,Central,139.9,Mini Truck,700,566.0,High,Cloudy,4.6,1347.55,0,80.9
ORD0515,2025-02-22,Central,92.5,Mini Truck,700,631.5,Medium,Clear,2.91,871.71,1,90.2
ORD0516,2025-06-09,North,36.7,Truck,1500,813.3,High,Clear,2.27,495.45,1,54.2
ORD0517,2025-09-03,Central,65.0,Mini Truck,700,526.8,Medium,Clear,2.43,757.6,1,75.3
ORD0518,2025-09-15,North,47.7,Van,300,116.3,Medium,Rain,3.28,504.36,1,38.8
ORD0519,2025-06-08,East,42.2,Van,300,187.3,Medium,Clear,2.14,492.91,1,62.4
ORD0520,2025-01-30,East,77.6,Mini Truck,700,185.7,High,Cloudy,3.08,812.87,1,26.5
ORD0521,2025-01-06,South,68.6,Bike,80,48.2,Low,Rain,2.83,644.08,1,60.2
ORD0522,2025-06-21,North,31.0,Mini Truck,700,442.2,Low,Clear,1.48,359.81,1,63.2
ORD0523,2025-10-23,North,59.1,Mini Truck,700,535.4,Medium,Clear,2.26,661.13,1,76.5
ORD0524,2025-01-11,Central,41.3,Mini Truck,700,493.2,Medium,Cloudy,1.71,503.79,1,70.5
ORD0525,2025-11-20,South,74.8,Mini Truck,700,350.6,Medium,Clear,3.2,746.37,1,50.1
ORD0526,2025-09-04,South,40.2,Truck,1500,381.0,Low,Cloudy,1.23,393.59,1,25.4
ORD0527,2025-01-03,Central,52.4,Truck,1500,496.3,Medium,Cloudy,2.63,579.45,1,33.1
ORD0528,2025-05-06,North,42.9,Mini Truck,700,651.8,High,Cloudy,2.74,538.07,1,93.1
ORD0529,2025-03-22,Central,16.6,Van,300,268.7,Low,Clear,1.21,208.87,1,89.6
ORD0530,2025-12-13,Central,136.0,Bike,80,38.2,Medium,Cloudy,4.99,1332.09,0,47.8
ORD0531,2025-07-22,East,58.7,Truck,1500,646.8,High,Cloudy,3.4,601.19,1,43.1
ORD0532,2025-04-29,North,138.7,Truck,1500,833.2,Low,Clear,3.66,1312.08,1,55.5
ORD0533,2025-04-12,North,60.4,Mini Truck,700,513.1,Medium,Cloudy,2.92,590.16,1,73.3
ORD0534,2025-07-25,South,85.8,Truck,1500,749.7,Low,Rain,2.87,834.31,1,50.0
ORD0535,2025-01-02,East,38.3,Truck,1500,445.7,High,Cloudy,2.77,602.71,1,29.7
ORD0536,2025-04-04,North,39.0,Truck,1500,797.9,Medium,Clear,1.38,433.16,1,53.2
ORD0537,2025-03-02,East,56.8,Mini Truck,700,302.7,High,Clear,2.59,594.19,1,43.2
ORD0538,2025-08-15,North,138.0,Bike,80,38.2,Low,Clear,3.85,1198.84,1,47.8
ORD0539,2025-09-02,East,31.8,Bike,80,29.1,Medium,Clear,1.94,317.85,1,36.4
ORD0540,2025-06-20,North,13.6,Bike,80,56.9,High,Clear,1.18,292.87,1,71.1
ORD0541,2025-02-21,West,103.3,Van,300,185.6,Low,Rain,4.03,902.67,1,61.9
ORD0542,2025-05-16,North,88.8,Mini Truck,700,307.7,Low,Clear,2.38,847.4,1,44.0
ORD0543,2025-11-04,North,44.5,Van,300,191.3,Low,Cloudy,2.26,385.2,1,63.8
ORD0544,2025-03-16,North,168.1,Bike,80,47.6,High,Clear,5.33,1438.24,0,59.5
ORD0545,2025-03-01,Central,172.2,Bike,80,64.6,Medium,Clear,4.66,1500.07,0,80.7
ORD0546,2025-02-10,North,15.7,Truck,1500,1378.8,Medium,Clear,1.3,261.6,1,91.9
ORD0547,2025-10-26,East,37.8,Truck,1500,512.2,Medium,Clear,1.63,511.96,1,34.1
ORD0548,2025-02-13,East,56.5,Van,300,260.6,Medium,Cloudy,3.04,508.53,1,86.9
ORD0549,2025-08-01,East,73.6,Truck,1500,1115.0,Medium,Rain,3.4,739.24,1,74.3
ORD0550,2025-12-31,West,67.3,Mini Truck,700,514.4,Medium,Rain,3.3,704.48,1,73.5
ORD0551,2025-08-23,Central,58.6,Truck,1500,768.0,Medium,Clear,2.55,608.66,1,51.2
ORD0552,2025-05-31,South,28.6,Truck,1500,736.1,Low,Cloudy,0.98,289.81,1,49.1
ORD0553,2025-03-17,Central,79.0,Mini Truck,700,177.8,High,Clear,2.93,891.01,1,25.4
ORD0554,2025-01-01,South,81.6,Van,300,281.3,High,Rain,4.04,783.78,1,93.8
ORD0555,2025-02-26,Central,99.2,Mini Truck,700,472.2,Medium,Clear,2.93,935.19,1,67.5
ORD0556,2025-12-14,East,25.8,Van,300,159.5,Medium,Clear,1.28,308.2,1,53.2
ORD0557,2025-02-22,West,51.1,Van,300,189.2,Low,Clear,2.31,531.32,1,63.1
ORD0558,2025-01-08,Central,43.1,Mini Truck,700,194.9,High,Clear,2.71,526.86,1,27.8
ORD0559,2025-10-25,West,25.5,Mini Truck,700,260.1,High,Clear,1.87,329.67,1,37.2
ORD0560,2025-06-02,Central,50.6,Mini Truck,700,480.4,High,Rain,3.09,575.89,1,68.6
ORD0561,2025-05-11,East,29.6,Van,300,183.0,Medium,Cloudy,1.64,339.85,1,61.0
ORD0562,2025-09-19,North,22.6,Van,300,240.3,Low,Rain,2.31,303.01,1,80.1
ORD0563,2025-07-10,East,89.5,Bike,80,56.9,Low,Clear,3.15,750.72,1,71.1
ORD0564,2025-11-30,North,44.3,Mini Truck,700,469.7,Low,Cloudy,1.66,556.86,1,67.1
ORD0565,2025-06-20,Central,36.6,Mini Truck,700,574.5,Low,Clear,1.67,376.69,1,82.1
ORD0566,2025-09-18,South,113.0,Truck,1500,446.7,Low,Clear,2.67,1026.98,1,29.8
ORD0567,2025-11-17,South,83.0,Mini Truck,700,513.5,High,Clear,3.09,806.81,1,73.4
ORD0568,2025-06-19,South,12.4,Van,300,225.3,Low,Clear,0.78,126.65,1,75.1
ORD0569,2025-04-14,West,73.9,Bike,80,35.4,Low,Cloudy,2.92,634.54,1,44.2
ORD0570,2025-12-22,East,73.7,Bike,80,31.0,High,Clear,3.32,700.18,1,38.8
ORD0571,2025-03-24,Central,49.3,Van,300,119.9,Medium,Clear,2.21,488.39,1,40.0
ORD0572,2025-01-15,East,48.2,Van,300,116.6,High,Cloudy,2.97,497.22,1,38.9
ORD0573,2025-07-31,South,18.1,Van,300,185.0,Medium,Clear,1.17,287.82,1,61.7
ORD0574,2025-12-27,North,167.1,Van,300,103.5,High,Rain,5.92,1479.92,0,34.5
ORD0575,2025-02-01,North,50.5,Truck,1500,1067.3,Medium,Clear,1.95,552.28,1,71.2
ORD0576,2025-11-07,South,71.6,Bike,80,25.9,Medium,Cloudy,2.79,664.33,1,32.4
ORD0577,2025-10-31,Central,52.2,Van,300,80.6,Medium,Cloudy,2.54,572.56,1,26.9
ORD0578,2025-12-06,East,37.0,Bike,80,37.9,Medium,Cloudy,2.2,408.88,1,47.4
ORD0579,2025-06-03,Central,93.4,Van,300,115.3,Medium,Cloudy,2.96,863.95,1,38.4
ORD0580,2025-04-03,North,63.9,Mini Truck,700,659.4,Medium,Rain,2.67,604.94,1,94.2
ORD0581,2025-07-06,North,50.8,Bike,80,37.0,Low,Cloudy,2.1,432.83,1,46.2
ORD0582,2025-02-21,Central,71.1,Van,300,121.6,High,Clear,3.71,672.46,1,40.5
ORD0583,2025-11-04,North,55.2,Bike,80,31.0,Low,Clear,1.92,579.33,1,38.8
ORD0584,2025-08-31,North,144.0,Truck,1500,767.5,Low,Cloudy,4.03,1331.14,1,51.2
ORD0585,2025-06-26,East,91.6,Mini Truck,700,471.9,Low,Clear,2.96,815.41,1,67.4
ORD0586,2025-07-08,Central,78.0,Bike,80,63.8,High,Clear,2.96,756.03,1,79.8
ORD0587,2025-09-17,West,19.8,Bike,80,40.4,Medium,Clear,2.08,221.55,1,50.5
ORD0588,2025-07-10,North,79.5,Bike,80,55.1,Medium,Clear,2.86,709.78,1,68.9
ORD0589,2025-11-03,Central,78.4,Van,300,176.2,High,Clear,3.13,814.7,1,58.7
ORD0590,2025-12-04,Central,29.9,Truck,1500,1263.8,Low,Cloudy,1.45,398.56,1,84.3
ORD0591,2025-12-13,Central,19.5,Mini Truck,700,453.8,High,Cloudy,1.98,426.62,1,64.8
ORD0592,2025-08-15,Central,89.5,Truck,1500,679.4,Medium,Cloudy,3.74,937.52,1,45.3
ORD0593,2025-09-29,South,95.9,Van,300,222.8,Low,Clear,2.66,928.34,1,74.3
ORD0594,2025-04-24,Central,39.1,Van,300,247.2,Medium,Clear,1.94,463.7,1,82.4
ORD0595,2025-01-14,South,38.0,Van,300,172.7,High,Cloudy,2.65,443.2,1,57.6
ORD0596,2025-05-27,Central,63.2,Bike,80,75.3,Low,Clear,1.85,616.24,1,94.1
ORD0597,2025-11-15,East,44.2,Truck,1500,1298.1,Medium,Cloudy,2.37,543.86,1,86.5
ORD0598,2025-02-18,West,19.2,Bike,80,31.0,Low,Clear,1.35,297.88,1,38.8
ORD0599,2025-07-19,West,29.7,Van,300,240.2,Medium,Rain,1.91,373.9,1,80.1
ORD0600,2025-03-12,West,70.1,Mini Truck,700,469.5,Medium,Clear,2.91,716.81,1,67.1
ORD0601,2025-06-06,West,30.8,Bike,80,49.9,Medium,Cloudy,2.07,355.66,1,62.4
ORD0602,2025-02-22,West,98.7,Van,300,182.9,Medium,Cloudy,3.75,995.14,1,61.0
ORD0603,2025-09-26,West,77.7,Van,300,254.2,Low,Clear,2.66,657.71,1,84.7
ORD0604,2025-10-23,North,71.7,Van,300,203.3,Medium,Cloudy,2.9,779.97,1,67.8
ORD0605,2025-10-04,Central,62.4,Bike,80,50.1,Medium,Clear,2.9,600.51,1,62.6
ORD0606,2025-09-15,East,35.9,Bike,80,22.7,Medium,Cloudy,1.69,325.81,1,28.4
ORD0607,2025-03-27,South,83.9,Bike,80,45.1,Low,Cloudy,2.53,722.4,1,56.4
ORD0608,2025-07-13,East,35.2,Van,300,265.7,Medium,Clear,2.12,328.74,1,88.6
ORD0609,2025-02-08,Central,101.8,Bike,80,59.9,Medium,Clear,3.54,962.09,1,74.9
ORD0610,2025-05-17,Central,131.5,Truck,1500,428.5,Low,Cloudy,4.09,1130.74,1,28.6
ORD0611,2025-07-04,Central,63.6,Bike,80,69.5,Low,Clear,3.08,599.97,1,86.9
ORD0612,2025-09-02,East,121.8,Mini Truck,700,580.1,Medium,Rain,4.77,1189.35,0,82.9
ORD0613,2025-02-05,West,30.0,Mini Truck,700,442.9,Medium,Cloudy,2.46,343.99,1,63.3
ORD0614,2025-10-24,South,78.2,Van,300,79.7,Low,Cloudy,2.4,700.34,1,26.6
ORD0615,2025-06-17,West,57.7,Truck,1500,965.6,High,Clear,2.73,628.92,1,64.4
ORD0616,2025-11-18,West,90.4,Bike,80,23.1,Medium,Cloudy,3.39,818.48,1,28.9
ORD0617,2025-07-12,South,13.0,Bike,80,37.9,High,Rain,2.51,362.78,1,47.4
ORD0618,2025-07-19,South,87.3,Van,300,207.1,Medium,Clear,3.02,860.68,1,69.0
ORD0619,2025-09-10,North,38.1,Bike,80,71.1,Medium,Clear,1.95,399.56,1,88.9
ORD0620,2025-10-27,North,59.4,Van,300,150.1,Medium,Clear,2.24,564.97,1,50.0
ORD0621,2025-02-27,East,165.5,Van,300,255.6,High,Clear,5.41,1512.29,0,85.2
ORD0622,2025-07-06,East,79.7,Truck,1500,1339.3,Medium,Cloudy,3.08,859.45,1,89.3
ORD0623,2025-01-11,North,73.7,Van,300,79.4,Medium,Clear,2.91,685.03,1,26.5
ORD0624,2025-06-23,East,70.3,Truck,1500,626.4,Medium,Cloudy,3.22,743.17,1,41.8
ORD0625,2025-10-24,West,107.9,Truck,1500,1120.4,Medium,Clear,3.37,1024.14,1,74.7
ORD0626,2025-11-12,South,92.1,Truck,1500,1169.7,Low,Clear,2.91,871.06,1,78.0
ORD0627,2025-04-14,South,70.7,Bike,80,42.0,Medium,Clear,2.26,692.96,1,52.5
ORD0628,2025-05-22,South,65.7,Truck,1500,1064.6,Medium,Rain,3.13,664.2,1,71.0
ORD0629,2025-07-21,East,63.1,Mini Truck,700,475.0,High,Cloudy,3.24,725.48,1,67.9
ORD0630,2025-05-25,South,55.8,Truck,1500,1151.8,Medium,Clear,2.68,642.27,1,76.8
ORD0631,2025-03-06,West,25.5,Van,300,225.9,Medium,Cloudy,1.81,238.18,1,75.3
ORD0632,2025-04-22,South,78.7,Truck,1500,465.2,High,Clear,3.29,824.55,1,31.0
ORD0633,2025-05-28,East,40.6,Mini Truck,700,252.5,Medium,Clear,2.23,370.5,1,36.1
ORD0634,2025-07-09,South,51.8,Bike,80,27.4,Low,Clear,1.38,523.04,1,34.2
ORD0635,2025-12-03,North,95.7,Van,300,270.8,Low,Rain,3.4,860.25,1,90.3
ORD0636,2025-07-18,West,56.6,Bike,80,71.2,Low,Cloudy,2.25,618.3,1,89.0
ORD0637,2025-05-22,South,54.0,Truck,1500,1212.3,Low,Cloudy,1.76,652.9,1,80.8
ORD0638,2025-08-30,South,63.8,Van,300,99.5,Medium,Clear,2.16,575.99,1,33.2
ORD0639,2025-10-10,West,47.8,Bike,80,52.2,High,Clear,3.23,442.05,1,65.3
ORD0640,2025-06-07,Central,163.5,Mini Truck,700,266.7,Medium,Cloudy,4.83,1420.81,0,38.1
ORD0641,2025-06-28,West,151.0,Van,300,152.4,Low,Clear,4.59,1260.36,0,50.8
ORD0642,2025-03-21,Central,148.8,Bike,80,35.0,Medium,Rain,5.2,1398.04,0,43.8
ORD0643,2025-11-12,Central,70.4,Truck,1500,1245.4,Low,Cloudy,1.99,741.49,1,83.0
ORD0644,2025-11-13,East,39.0,Truck,1500,526.7,High,Clear,2.71,540.79,1,35.1
ORD0645,2025-03-05,West,97.2,Mini Truck,700,491.6,Low,Cloudy,2.82,888.31,1,70.2
ORD0646,2025-05-07,South,48.0,Mini Truck,700,657.1,Medium,Rain,2.76,531.17,1,93.9
ORD0647,2025-04-10,East,102.0,Van,300,219.3,Medium,Clear,3.3,945.75,1,73.1
ORD0648,2025-12-03,East,37.8,Mini Truck,700,213.8,Medium,Cloudy,2.15,469.98,1,30.5
ORD0649,2025-01-24,Central,73.4,Mini Truck,700,619.8,Medium,Rain,2.84,758.31,1,88.5
ORD0650,2025-03-17,Central,110.2,Bike,80,56.0,High,Clear,4.17,997.7,1,70.0
ORD0651,2025-04-25,East,49.7,Bike,80,45.6,Low,Rain,2.81,549.05,1,57.0
ORD0652,2025-07-24,West,49.6,Van,300,213.5,High,Clear,2.6,547.39,1,71.2
ORD0653,2025-04-01,South,21.0,Van,300,259.6,Medium,Cloudy,1.29,265.17,1,86.5
ORD0654,2025-07-15,Central,38.6,Bike,80,46.7,High,Cloudy,2.78,329.69,1,58.4
ORD0655,2025-09-30,East,69.6,Bike,80,49.8,High,Cloudy,3.63,740.3,1,62.2
ORD0656,2025-10-30,East,75.8,Truck,1500,850.1,High,Clear,2.55,831.34,1,56.7
ORD0657,2025-02-06,West,82.3,Van,300,90.2,Low,Cloudy,3.66,751.49,1,30.1
ORD0658,2025-02-20,West,15.4,Mini Truck,700,560.7,Low,Clear,1.35,217.9,1,80.1
ORD0659,2025-02-04,North,48.2,Mini Truck,700,236.9,Low,Clear,1.94,452.93,1,33.8
ORD0660,2025-11-29,South,22.8,Mini Truck,700,368.3,Low,Clear,0.94,264.87,1,52.6
ORD0661,2025-08-27,North,67.6,Mini Truck,700,364.5,Medium,Cloudy,2.06,697.09,1,52.1
ORD0662,2025-07-13,West,18.2,Van,300,133.8,High,Clear,2.37,325.35,1,44.6
ORD0663,2025-10-16,North,27.7,Truck,1500,797.6,High,Clear,1.91,417.37,1,53.2
ORD0664,2025-08-02,South,91.3,Van,300,204.8,Medium,Rain,3.76,900.36,1,68.3
ORD0665,2025-03-27,East,41.5,Truck,1500,702.0,Medium,Clear,1.96,485.64,1,46.8
ORD0666,2025-07-06,West,122.4,Van,300,111.2,High,Clear,4.7,1126.87,0,37.1
ORD0667,2025-09-14,East,83.5,Bike,80,68.7,High,Clear,3.32,836.37,1,85.9
ORD0668,2025-01-14,Central,49.9,Truck,1500,1394.4,Low,Clear,2.09,524.18,1,93.0
ORD0669,2025-08-10,Central,99.5,Bike,80,45.7,Medium,Cloudy,3.1,922.88,1,57.1
ORD0670,2025-07-01,North,52.5,Truck,1500,718.4,High,Clear,3.49,555.49,1,47.9
ORD0671,2025-01-26,Central,88.3,Bike,80,22.7,Medium,Clear,3.84,772.71,1,28.4
ORD0672,2025-04-07,West,37.3,Bike,80,22.1,Medium,Rain,3.21,310.19,1,27.6
ORD0673,2025-06-13,West,102.8,Mini Truck,700,367.5,High,Cloudy,4.79,1001.14,0,52.5
ORD0674,2025-05-06,North,19.5,Truck,1500,1351.8,High,Cloudy,2.08,477.18,1,90.1
ORD0675,2025-04-16,West,27.6,Van,300,228.4,High,Rain,3.37,376.73,1,76.1
ORD0676,2025-08-25,West,31.0,Bike,80,39.6,High,Rain,3.0,423.29,1,49.5
ORD0677,2025-05-28,East,39.9,Bike,80,74.2,Low,Clear,1.11,504.31,1,92.8
ORD0678,2025-07-01,North,71.1,Truck,1500,825.2,Medium,Cloudy,3.32,759.9,1,55.0
ORD0679,2025-10-19,East,58.5,Mini Truck,700,310.6,Medium,Cloudy,3.04,562.79,1,44.4
ORD0680,2025-02-04,Central,88.9,Bike,80,43.9,Medium,Clear,3.06,797.16,1,54.9
ORD0681,2025-05-12,West,111.1,Van,300,119.4,Medium,Clear,3.37,1013.46,1,39.8
ORD0682,2025-01-27,North,17.9,Van,300,261.0,Medium,Clear,1.12,232.0,1,87.0
ORD0683,2025-12-05,Central,118.6,Bike,80,40.2,Medium,Cloudy,3.34,1043.85,1,50.3
ORD0684,2025-03-09,Central,51.8,Truck,1500,1065.9,Medium,Cloudy,2.71,647.22,1,71.1
ORD0685,2025-10-27,North,147.2,Mini Truck,700,365.6,Medium,Cloudy,4.04,1375.34,1,52.2
ORD0686,2025-03-11,Central,36.3,Bike,80,70.5,Medium,Clear,1.91,321.98,1,88.1
ORD0687,2025-04-29,East,14.1,Mini Truck,700,489.8,Low,Clear,0.74,182.65,1,70.0
ORD0688,2025-08-11,East,84.1,Van,300,177.5,Low,Clear,2.2,747.7,1,59.2
ORD0689,2025-10-31,East,81.1,Bike,80,27.4,High,Clear,3.61,831.08,1,34.2
ORD0690,2025-03-06,West,28.2,Van,300,264.4,Medium,Rain,2.3,396.51,1,88.1
ORD0691,2025-03-19,Central,30.1,Bike,80,50.6,Low,Rain,2.21,437.81,1,63.3
ORD0692,2025-11-18,West,92.7,Bike,80,36.0,High,Rain,4.06,878.95,1,45.0
ORD0693,2025-04-28,Central,73.1,Truck,1500,1296.8,Medium,Rain,3.02,777.15,1,86.5
ORD0694,2025-03-18,Central,48.6,Mini Truck,700,201.7,Low,Rain,1.52,506.35,1,28.8
ORD0695,2025-09-29,North,77.4,Bike,80,37.6,Medium,Clear,1.98,699.84,1,47.0
ORD0696,2025-02-03,South,68.9,Truck,1500,938.7,Low,Clear,2.72,698.55,1,62.6
ORD0697,2025-11-13,West,32.4,Mini Truck,700,341.5,Medium,Clear,2.65,366.93,1,48.8
ORD0698,2025-11-16,East,96.6,Truck,1500,875.6,Low,Clear,3.03,809.48,1,58.4
ORD0699,2025-11-09,North,86.2,Mini Truck,700,304.5,Low,Clear,2.31,801.81,1,43.5
ORD0700,2025-04-18,North,59.3,Van,300,102.3,Low,Clear,1.86,550.92,1,34.1
ORD0701,2025-02-11,East,92.7,Mini Truck,700,193.1,Medium,Rain,4.16,925.96,1,27.6
ORD0702,2025-06-05,West,157.4,Mini Truck,700,252.2,Low,Clear,4.37,1376.36,0,36.0
ORD0703,2025-05-03,North,29.9,Mini Truck,700,641.9,High,Rain,2.85,377.05,1,91.7
ORD0704,2025-12-17,North,50.0,Bike,80,52.2,Low,Cloudy,1.94,467.48,1,65.3
ORD0705,2025-08-19,North,51.5,Van,300,177.7,Medium,Cloudy,2.13,435.63,1,59.2
ORD0706,2025-12-11,East,91.6,Bike,80,41.5,Medium,Cloudy,3.25,792.7,1,51.9
ORD0707,2025-10-02,North,39.6,Van,300,223.8,Medium,Clear,1.95,464.42,1,74.6
ORD0708,2025-09-18,East,88.7,Bike,80,27.9,Low,Cloudy,2.67,783.24,1,34.9
ORD0709,2025-02-10,East,42.7,Bike,80,35.5,High,Clear,2.77,531.3,1,44.4
ORD0710,2025-01-26,East,27.6,Truck,1500,1063.7,High,Rain,2.69,359.58,1,70.9
ORD0711,2025-01-17,West,61.4,Bike,80,46.8,Low,Clear,2.31,561.08,1,58.5
ORD0712,2025-08-05,East,42.1,Truck,1500,1183.6,Low,Clear,2.19,483.4,1,78.9
ORD0713,2025-03-15,West,65.0,Bike,80,70.2,High,Cloudy,3.39,718.89,1,87.8
ORD0714,2025-12-28,West,74.3,Truck,1500,1239.5,Medium,Cloudy,3.44,832.04,1,82.6
ORD0715,2025-02-18,Central,18.9,Van,300,113.7,Low,Clear,0.42,257.91,1,37.9
ORD0716,2025-12-12,West,45.2,Mini Truck,700,219.8,Low,Cloudy,1.91,522.73,1,31.4
ORD0717,2025-09-01,East,61.4,Van,300,110.6,Medium,Clear,2.52,588.78,1,36.9
ORD0718,2025-02-08,East,92.9,Van,300,239.5,Medium,Cloudy,4.14,934.39,1,79.8
ORD0719,2025-01-22,South,86.6,Van,300,266.9,Medium,Clear,2.18,777.23,1,89.0
ORD0720,2025-05-25,East,34.2,Mini Truck,700,628.5,High,Clear,2.38,419.17,1,89.8
ORD0721,2025-05-04,North,53.1,Van,300,137.6,Medium,Clear,2.67,573.23,1,45.9
ORD0722,2025-04-26,Central,76.6,Mini Truck,700,586.8,Medium,Clear,2.5,700.24,1,83.8
ORD0723,2025-07-12,Central,50.9,Truck,1500,938.0,Medium,Clear,2.09,610.88,1,62.5
ORD0724,2025-02-17,North,36.4,Van,300,247.8,Medium,Clear,1.88,416.18,1,82.6
ORD0725,2025-02-17,West,57.1,Van,300,190.2,Low,Clear,2.22,596.83,1,63.4
ORD0726,2025-09-11,North,72.5,Bike,80,28.2,Low,Clear,2.82,658.71,1,35.2
ORD0727,2025-12-28,West,32.0,Van,300,91.6,Medium,Clear,2.07,365.64,1,30.5
ORD0728,2025-04-10,North,81.4,Bike,80,73.6,Medium,Clear,3.3,789.16,1,92.0
ORD0729,2025-12-07,East,63.6,Bike,80,43.8,Low,Cloudy,2.29,559.88,1,54.8
ORD0730,2025-05-06,West,83.1,Truck,1500,743.0,Medium,Rain,3.47,801.89,1,49.5
ORD0731,2025-05-03,West,56.4,Bike,80,40.0,Medium,Clear,2.41,579.67,1,50.0
ORD0732,2025-02-02,East,144.3,Van,300,154.6,Medium,Rain,4.68,1287.48,0,51.5
ORD0733,2025-06-04,Central,71.6,Truck,1500,1367.2,High,Clear,3.38,815.55,1,91.1
ORD0734,2025-07-01,West,88.5,Truck,1500,440.8,High,Clear,3.67,893.88,1,29.4
ORD0735,2025-08-31,South,81.2,Bike,80,26.7,Medium,Cloudy,2.7,832.7,1,33.4
ORD0736,2025-02-27,West,52.7,Bike,80,64.2,Low,Cloudy,2.43,482.1,1,80.2
ORD0737,2025-03-10,West,68.0,Van,300,190.4,Medium,Cloudy,2.57,644.32,1,63.5
ORD0738,2025-06-07,South,40.2,Mini Truck,700,238.0,Medium,Clear,2.03,365.02,1,34.0
ORD0739,2025-01-26,West,138.5,Truck,1500,411.2,Low,Cloudy,4.13,1232.0,1,27.4
ORD0740,2025-02-22,Central,76.3,Bike,80,32.6,Low,Clear,2.82,722.44,1,40.8
ORD0741,2025-08-18,Central,35.0,Bike,80,34.6,Low,Clear,1.3,392.75,1,43.2
ORD0742,2025-12-15,West,121.2,Van,300,78.0,Medium,Clear,4.26,1098.28,0,26.0
ORD0743,2025-07-29,West,54.3,Truck,1500,601.9,Medium,Rain,3.11,629.53,1,40.1
ORD0744,2025-02-22,South,95.5,Bike,80,61.3,Low,Clear,2.98,886.17,1,76.6
ORD0745,2025-12-28,West,18.5,Van,300,254.6,High,Cloudy,2.38,359.24,1,84.9
ORD0746,2025-07-10,South,109.1,Bike,80,70.3,High,Cloudy,3.56,1081.24,1,87.9
ORD0747,2025-09-19,East,74.5,Bike,80,41.8,Low,Cloudy,3.03,749.59,1,52.2
ORD0748,2025-03-13,South,33.2,Truck,1500,710.4,High,Cloudy,2.31,458.64,1,47.4
ORD0749,2025-07-31,South,73.7,Bike,80,76.0,Low,Rain,3.08,615.85,1,95.0
ORD0750,2025-01-28,North,130.9,Van,300,236.6,High,Clear,4.81,1258.92,0,78.9
ORD0751,2025-08-17,Central,41.0,Truck,1500,939.2,High,Clear,2.21,583.34,1,62.6
ORD0752,2025-03-15,North,40.6,Mini Truck,700,299.8,Low,Cloudy,1.4,492.88,1,42.8
ORD0753,2025-11-28,North,52.2,Bike,80,38.0,High,Clear,2.92,625.64,1,47.5
ORD0754,2025-01-20,Central,61.1,Van,300,183.2,High,Clear,2.85,739.91,1,61.1
ORD0755,2025-08-27,East,99.1,Truck,1500,944.2,High,Clear,4.29,1052.72,0,62.9
ORD0756,2025-02-20,East,76.8,Van,300,77.9,High,Clear,3.37,783.63,1,26.0
ORD0757,2025-09-08,West,52.2,Mini Truck,700,645.1,Medium,Clear,2.75,510.01,1,92.2
ORD0758,2025-06-30,South,69.7,Mini Truck,700,457.0,Low,Clear,2.26,686.7,1,65.3
ORD0759,2025-12-20,North,142.7,Mini Truck,700,463.7,High,Rain,5.55,1319.56,0,66.2
ORD0760,2025-08-26,West,84.5,Bike,80,31.8,Medium,Clear,3.03,797.68,1,39.8
ORD0761,2025-05-16,North,55.6,Truck,1500,1178.2,Medium,Rain,2.9,645.33,1,78.5
ORD0762,2025-02-01,East,51.2,Truck,1500,1149.1,Medium,Rain,3.29,626.31,1,76.6
ORD0763,2025-08-06,Central,67.3,Bike,80,25.3,Medium,Clear,2.53,642.52,1,31.6
ORD0764,2025-06-10,Central,98.4,Truck,1500,999.7,Low,Cloudy,3.33,993.78,1,66.6
ORD0765,2025-01-20,South,37.4,Truck,1500,1066.1,Medium,Cloudy,1.91,362.34,1,71.1
ORD0766,2025-08-01,West,91.0,Mini Truck,700,584.4,Low,Cloudy,3.21,866.11,1,83.5
ORD0767,2025-03-18,West,54.9,Van,300,118.3,Medium,Clear,3.06,606.74,1,39.4
ORD0768,2025-03-27,East,59.8,Van,300,259.3,High,Clear,3.44,732.32,1,86.4
ORD0769,2025-01-04,North,205.0,Truck,1500,859.6,Medium,Clear,5.81,1875.64,0,57.3
ORD0770,2025-05-16,South,85.8,Bike,80,25.4,Medium,Cloudy,3.12,874.71,1,31.8
ORD0771,2025-03-21,West,42.9,Truck,1500,485.9,Medium,Rain,2.53,491.37,1,32.4
ORD0772,2025-01-27,Central,74.3,Truck,1500,582.7,High,Cloudy,3.41,793.33,1,38.8
ORD0773,2025-06-08,North,101.1,Mini Truck,700,313.5,Medium,Cloudy,3.62,971.22,1,44.8
ORD0774,2025-03-22,West,86.4,Van,300,179.2,Medium,Rain,4.1,815.4,1,59.7
ORD0775,2025-02-18,Central,12.2,Mini Truck,700,541.9,Low,Cloudy,1.35,173.25,1,77.4
ORD0776,2025-06-20,Central,58.4,Bike,80,30.5,Low,Clear,1.6,522.77,1,38.1
ORD0777,2025-01-24,East,76.2,Truck,1500,1417.3,Medium,Rain,3.81,781.16,1,94.5
ORD0778,2025-12-28,North,72.7,Van,300,108.9,High,Clear,3.15,765.92,1,36.3
ORD0779,2025-06-21,South,45.1,Bike,80,53.6,Medium,Clear,1.53,467.49,1,67.0
ORD0780,2025-12-30,Central,87.2,Truck,1500,1350.4,Low,Clear,3.14,871.84,1,90.0
ORD0781,2025-11-18,Central,109.3,Mini Truck,700,582.9,High,Rain,5.22,1054.59,0,83.3
ORD0782,2025-12-24,West,19.3,Mini Truck,700,492.5,Medium,Clear,1.7,313.69,1,70.4
ORD0783,2025-07-18,North,18.0,Bike,80,60.1,High,Clear,2.13,324.77,1,75.1
ORD0784,2025-06-04,North,74.0,Truck,1500,515.9,Low,Clear,2.58,661.92,1,34.4
ORD0785,2025-09-20,East,91.2,Mini Truck,700,179.7,Medium,Clear,3.71,797.67,1,25.7
ORD0786,2025-01-30,East,41.1,Truck,1500,830.9,High,Clear,2.83,583.4,1,55.4
ORD0787,2025-11-03,North,12.8,Truck,1500,469.0,Low,Cloudy,0.59,145.59,1,31.3
ORD0788,2025-04-29,West,58.9,Bike,80,40.0,Medium,Rain,3.86,604.09,1,50.0
ORD0789,2025-01-03,East,73.4,Bike,80,32.5,High,Clear,3.72,813.9,1,40.6
ORD0790,2025-03-28,North,49.7,Truck,1500,1337.2,Low,Clear,1.55,652.16,1,89.1
ORD0791,2025-03-30,North,102.5,Mini Truck,700,606.2,Low,Clear,2.63,987.45,1,86.6
ORD0792,2025-01-06,East,70.8,Van,300,247.0,Medium,Clear,2.91,725.48,1,82.3
ORD0793,2025-09-02,West,38.4,Van,300,224.9,Medium,Cloudy,2.17,526.91,1,75.0
ORD0794,2025-02-04,Central,40.9,Mini Truck,700,250.5,Low,Cloudy,1.89,315.33,1,35.8
ORD0795,2025-11-06,East,59.7,Truck,1500,425.8,Medium,Cloudy,2.93,595.61,1,28.4
ORD0796,2025-06-15,South,47.6,Bike,80,56.6,High,Clear,2.29,570.44,1,70.8
ORD0797,2025-09-20,Central,17.2,Mini Truck,700,489.7,Low,Cloudy,0.82,229.87,1,70.0
ORD0798,2025-05-04,East,67.4,Truck,1500,762.9,Medium,Clear,2.79,762.37,1,50.9
ORD0799,2025-02-18,South,41.6,Van,300,174.3,High,Clear,2.15,490.04,1,58.1
ORD0800,2025-03-07,East,46.1,Van,300,177.7,Medium,Rain,2.8,490.79,1,59.2
ORD0801,2025-08-24,North,29.7,Truck,1500,626.9,High,Cloudy,1.89,418.49,1,41.8
ORD0802,2025-09-19,South,132.7,Bike,80,37.6,Medium,Rain,4.47,1161.04,0,47.0
ORD0803,2025-04-08,East,83.0,Van,300,162.9,High,Rain,4.43,806.04,0,54.3
ORD0804,2025-05-11,Central,150.8,Van,300,201.7,Medium,Cloudy,4.95,1357.58,0,67.2
ORD0805,2025-12-11,West,49.5,Truck,1500,1378.6,Low,Rain,2.3,546.52,1,91.9
ORD0806,2025-11-07,West,85.7,Bike,80,50.2,High,Clear,3.33,886.36,1,62.8
ORD0807,2025-05-31,East,68.1,Van,300,228.5,Medium,Clear,2.68,698.8,1,76.2
ORD0808,2025-03-29,North,39.3,Bike,80,65.2,Low,Clear,1.68,442.09,1,81.5
ORD0809,2025-04-20,South,49.2,Truck,1500,494.2,Low,Clear,1.76,457.31,1,32.9
ORD0810,2025-07-16,Central,82.9,Mini Truck,700,495.0,Medium,Clear,2.74,736.05,1,70.7
ORD0811,2025-07-26,North,29.7,Van,300,176.2,Low,Clear,1.36,322.37,1,58.7
ORD0812,2025-03-09,Central,103.1,Van,300,195.2,Low,Cloudy,3.78,1056.43,1,65.1
ORD0813,2025-01-25,West,64.9,Bike,80,22.2,Low,Cloudy,2.62,655.63,1,27.7
ORD0814,2025-06-30,South,95.7,Truck,1500,1326.5,Medium,Cloudy,2.71,958.59,1,88.4
ORD0815,2025-10-19,West,73.5,Mini Truck,700,641.9,Medium,Clear,2.97,766.35,1,91.7
ORD0816,2025-02-25,Central,19.4,Van,300,75.7,Medium,Cloudy,2.33,291.29,1,25.2
ORD0817,2025-05-30,North,58.4,Van,300,119.7,Low,Clear,1.49,491.74,1,39.9
ORD0818,2025-02-28,North,104.3,Mini Truck,700,263.3,Low,Clear,3.04,1003.21,1,37.6
ORD0819,2025-03-30,West,64.3,Mini Truck,700,557.8,Medium,Clear,2.6,657.44,1,79.7
ORD0820,2025-08-12,Central,59.3,Van,300,200.6,Medium,Clear,2.39,590.99,1,66.9
ORD0821,2025-04-15,North,64.3,Van,300,112.2,Medium,Clear,2.5,630.09,1,37.4
ORD0822,2025-04-07,West,16.2,Mini Truck,700,573.8,Low,Cloudy,1.78,295.05,1,82.0
ORD0823,2025-12-30,North,110.3,Mini Truck,700,348.2,Low,Cloudy,3.41,963.29,1,49.7
ORD0824,2025-03-04,West,10.3,Mini Truck,700,400.8,Low,Cloudy,1.69,104.55,1,57.3
ORD0825,2025-03-11,West,123.0,Bike,80,41.7,Medium,Clear,4.04,1119.27,1,52.1
ORD0826,2025-12-06,North,47.4,Van,300,184.5,Medium,Cloudy,2.11,404.48,1,61.5
ORD0827,2025-07-20,West,76.5,Mini Truck,700,410.3,High,Cloudy,3.49,783.25,1,58.6
ORD0828,2025-01-16,Central,15.1,Truck,1500,663.3,Medium,Clear,0.67,323.41,1,44.2
ORD0829,2025-06-05,Central,90.7,Mini Truck,700,383.0,Medium,Cloudy,3.41,893.43,1,54.7
ORD0830,2025-07-26,North,82.2,Van,300,265.8,Medium,Clear,3.58,835.42,1,88.6
ORD0831,2025-04-03,South,79.4,Mini Truck,700,421.4,Low,Clear,2.5,777.98,1,60.2
ORD0832,2025-07-20,South,14.6,Bike,80,71.3,Medium,Clear,1.39,326.74,1,89.1
ORD0833,2025-08-25,East,36.0,Bike,80,50.8,Medium,Clear,1.76,365.78,1,63.5
ORD0834,2025-04-02,North,73.7,Mini Truck,700,551.7,Medium,Clear,2.57,759.76,1,78.8
ORD0835,2025-10-24,Central,108.6,Truck,1500,683.3,Low,Clear,3.53,990.85,1,45.6
ORD0836,2025-06-15,West,32.6,Truck,1500,1204.9,High,Clear,3.18,543.57,1,80.3
ORD0837,2025-12-18,Central,33.2,Mini Truck,700,304.5,High,Rain,3.41,430.62,1,43.5
ORD0838,2025-02-02,North,71.0,Bike,80,21.1,Low,Clear,2.52,726.26,1,26.4
ORD0839,2025-04-29,North,194.9,Truck,1500,543.8,Medium,Clear,5.55,1711.0,0,36.3
ORD0840,2025-09-21,Central,39.8,Van,300,79.5,High,Clear,2.52,532.74,1,26.5
ORD0841,2025-11-23,South,47.0,Van,300,273.9,Low,Rain,1.91,499.41,1,91.3
ORD0842,2025-03-22,West,42.8,Truck,1500,1425.0,High,Cloudy,2.41,600.9,1,95.0
ORD0843,2025-12-24,Central,55.0,Mini Truck,700,548.5,Medium,Rain,2.46,612.09,1,78.4
ORD0844,2025-03-12,North,113.4,Mini Truck,700,228.0,High,Clear,4.17,1096.96,1,32.6
ORD0845,2025-06-01,North,56.7,Van,300,263.8,High,Clear,2.7,639.35,1,87.9
ORD0846,2025-04-25,North,205.3,Truck,1500,1156.0,Low,Cloudy,5.12,1831.47,0,77.1
ORD0847,2025-06-04,North,63.0,Van,300,144.8,Medium,Clear,2.39,589.3,1,48.3
ORD0848,2025-11-26,North,119.5,Mini Truck,700,421.1,Medium,Cloudy,3.83,1091.19,1,60.2
ORD0849,2025-09-25,Central,49.2,Truck,1500,1069.8,Low,Rain,1.96,478.49,1,71.3
ORD0850,2025-10-18,West,25.6,Mini Truck,700,186.8,Medium,Clear,1.63,355.63,1,26.7
ORD0851,2025-04-03,Central,56.7,Bike,80,48.1,High,Rain,3.34,550.04,1,60.1
ORD0852,2025-12-12,Central,80.1,Van,300,228.8,Low,Cloudy,2.49,730.38,1,76.3
ORD0853,2025-06-08,Central,36.2,Van,300,114.5,Medium,Clear,2.14,428.22,1,38.2
ORD0854,2025-08-26,South,109.2,Truck,1500,841.0,High,Clear,3.28,1137.18,1,56.1
ORD0855,2025-09-12,South,44.2,Mini Truck,700,435.9,Medium,Clear,1.16,410.14,1,62.3
ORD0856,2025-08-30,Central,29.7,Van,300,229.5,Medium,Cloudy,1.86,350.99,1,76.5
ORD0857,2025-08-08,South,184.0,Mini Truck,700,647.6,High,Clear,5.77,1718.68,0,92.5
ORD0858,2025-06-25,North,35.0,Mini Truck,700,590.7,Medium,Clear,1.87,429.44,1,84.4
ORD0859,2025-08-25,West,43.3,Van,300,205.5,Low,Cloudy,1.84,497.39,1,68.5
ORD0860,2025-11-27,Central,87.6,Van,300,197.6,Low,Clear,2.37,762.37,1,65.9
ORD0861,2025-05-23,Central,48.2,Truck,1500,1008.3,High,Clear,2.64,520.63,1,67.2
ORD0862,2025-07-06,Central,30.5,Mini Truck,700,442.1,Low,Cloudy,1.37,386.59,1,63.2
ORD0863,2025-03-07,North,40.7,Bike,80,23.3,Medium,Clear,2.41,404.38,1,29.1
ORD0864,2025-05-10,West,156.3,Mini Truck,700,517.2,Low,Clear,4.41,1308.74,0,73.9
ORD0865,2025-10-09,Central,81.7,Mini Truck,700,526.0,Medium,Clear,2.88,798.11,1,75.1
ORD0866,2025-08-22,West,91.0,Mini Truck,700,426.1,High,Clear,4.73,972.3,0,60.9
ORD0867,2025-03-19,Central,69.0,Mini Truck,700,601.5,Medium,Clear,2.53,650.18,1,85.9
ORD0868,2025-07-19,Central,75.9,Truck,1500,1081.1,High,Cloudy,3.7,950.74,1,72.1
ORD0869,2025-10-24,East,46.0,Van,300,151.2,Low,Rain,2.62,416.3,1,50.4
ORD0870,2025-02-15,North,64.1,Van,300,79.1,Medium,Clear,2.68,628.69,1,26.4
ORD0871,2025-01-23,East,13.6,Bike,80,23.3,High,Rain,2.62,195.43,1,29.1
ORD0872,2025-05-24,South,100.6,Mini Truck,700,347.4,Medium,Cloudy,3.46,947.83,1,49.6
ORD0873,2025-08-28,North,45.7,Van,300,172.0,Low,Cloudy,1.87,447.53,1,57.3
ORD0874,2025-04-25,North,27.2,Van,300,110.0,High,Cloudy,2.09,301.44,1,36.7
ORD0875,2025-10-27,West,66.2,Mini Truck,700,267.8,Medium,Cloudy,3.04,784.75,1,38.3
ORD0876,2025-11-06,East,52.6,Van,300,123.3,Medium,Cloudy,3.21,511.93,1,41.1
ORD0877,2025-07-14,East,98.6,Van,300,238.9,High,Clear,4.37,942.69,0,79.6
ORD0878,2025-05-19,West,57.4,Van,300,237.0,Low,Clear,2.27,598.49,1,79.0
ORD0879,2025-01-16,East,40.1,Van,300,155.4,Medium,Clear,2.31,516.17,1,51.8
ORD0880,2025-10-27,West,58.3,Bike,80,29.7,Low,Clear,1.88,595.81,1,37.1
ORD0881,2025-11-23,North,127.0,Truck,1500,491.5,Medium,Cloudy,4.03,1120.0,1,32.8
ORD0882,2025-06-11,Central,100.5,Bike,80,24.9,Low,Clear,3.32,900.44,1,31.1
ORD0883,2025-07-08,East,81.6,Van,300,157.2,Medium,Clear,3.51,690.08,1,52.4
ORD0884,2025-10-03,North,102.9,Mini Truck,700,197.3,Low,Clear,2.73,965.14,1,28.2
ORD0885,2025-09-11,Central,85.2,Bike,80,38.7,Medium,Clear,2.81,721.05,1,48.4
ORD0886,2025-02-19,West,33.3,Mini Truck,700,646.2,Low,Cloudy,2.56,353.87,1,92.3
ORD0887,2025-09-03,North,91.4,Mini Truck,700,423.7,Medium,Cloudy,3.31,875.98,1,60.5
ORD0888,2025-12-04,North,109.7,Mini Truck,700,578.1,Medium,Clear,4.15,1058.98,1,82.6
ORD0889,2025-10-02,North,113.2,Van,300,102.1,Medium,Clear,3.67,1017.29,1,34.0
ORD0890,2025-06-25,South,28.7,Bike,80,35.0,Medium,Clear,1.57,399.84,1,43.8
ORD0891,2025-07-10,North,43.4,Truck,1500,1368.9,Medium,Clear,1.83,591.17,1,91.3
ORD0892,2025-04-05,West,39.4,Van,300,155.5,High,Cloudy,3.17,501.83,1,51.8
ORD0893,2025-08-30,East,48.9,Truck,1500,1055.8,Medium,Cloudy,2.89,523.4,1,70.4
ORD0894,2025-03-30,Central,76.8,Bike,80,74.7,Low,Clear,2.07,777.41,1,93.4
ORD0895,2025-05-05,West,65.3,Bike,80,50.8,High,Clear,3.13,640.12,1,63.5
ORD0896,2025-04-07,West,65.3,Truck,1500,695.6,Medium,Rain,3.62,762.12,1,46.4
ORD0897,2025-05-03,East,23.7,Truck,1500,933.5,Low,Cloudy,1.42,424.71,1,62.2
ORD0898,2025-05-14,North,42.4,Truck,1500,432.4,Medium,Clear,1.74,498.45,1,28.8
ORD0899,2025-01-31,North,117.8,Truck,1500,493.0,Low,Clear,3.71,1116.7,1,32.9
ORD0900,2025-09-19,West,109.5,Bike,80,20.4,Low,Clear,3.79,825.46,1,25.5
ORD0901,2025-06-10,North,56.9,Truck,1500,1303.4,Medium,Rain,2.7,654.7,1,86.9
ORD0902,2025-12-13,North,91.5,Mini Truck,700,503.9,Low,Clear,2.8,905.28,1,72.0
ORD0903,2025-03-08,South,72.9,Bike,80,36.7,High,Clear,2.66,779.41,1,45.9
ORD0904,2025-09-02,Central,97.2,Bike,80,32.4,High,Rain,4.1,881.44,1,40.5
ORD0905,2025-03-07,East,93.8,Truck,1500,1092.2,Medium,Cloudy,3.53,935.99,1,72.8
ORD0906,2025-07-19,West,59.6,Van,300,268.1,Medium,Clear,2.58,488.98,1,89.4
ORD0907,2025-06-29,East,81.9,Truck,1500,689.1,Medium,Clear,2.66,838.22,1,45.9
ORD0908,2025-06-13,North,75.7,Bike,80,38.0,High,Clear,3.0,675.79,1,47.5
ORD0909,2025-08-27,South,60.5,Van,300,254.4,Medium,Cloudy,2.07,660.59,1,84.8
ORD0910,2025-10-30,North,53.0,Van,300,262.6,Low,Clear,1.97,574.1,1,87.5
ORD0911,2025-04-26,West,144.6,Van,300,266.9,Medium,Rain,4.5,1278.47,0,89.0
ORD0912,2025-11-07,North,60.6,Mini Truck,700,318.6,Medium,Rain,2.59,638.68,1,45.5
ORD0913,2025-03-09,South,88.4,Truck,1500,501.3,Low,Clear,1.9,819.91,1,33.4
ORD0914,2025-04-17,Central,138.5,Truck,1500,837.0,Medium,Cloudy,4.59,1306.71,0,55.8
ORD0915,2025-04-24,East,81.8,Mini Truck,700,319.9,Low,Clear,2.02,709.85,1,45.7
ORD0916,2025-12-14,East,79.8,Bike,80,69.5,High,Clear,3.51,824.56,1,86.9
ORD0917,2025-02-13,East,60.8,Truck,1500,413.5,Low,Cloudy,2.92,522.66,1,27.6
ORD0918,2025-05-25,West,76.4,Mini Truck,700,485.6,Low,Clear,3.21,648.36,1,69.4
ORD0919,2025-06-04,South,50.4,Mini Truck,700,619.0,Low,Clear,1.02,522.14,1,88.4
ORD0920,2025-10-20,West,219.9,Mini Truck,700,653.6,Low,Clear,6.14,1910.64,0,93.4
ORD0921,2025-06-27,Central,24.1,Truck,1500,1057.6,Low,Clear,0.83,359.11,1,70.5
ORD0922,2025-12-19,East,55.0,Truck,1500,1372.4,Low,Clear,1.59,596.84,1,91.5
ORD0923,2025-09-28,East,82.6,Mini Truck,700,212.1,Low,Cloudy,2.83,843.93,1,30.3
ORD0924,2025-09-14,North,79.8,Mini Truck,700,351.0,Low,Cloudy,3.08,754.63,1,50.1
ORD0925,2025-10-02,South,50.3,Mini Truck,700,179.3,Medium,Cloudy,2.41,530.5,1,25.6
ORD0926,2025-02-28,Central,18.2,Van,300,281.0,Medium,Cloudy,1.33,273.38,1,93.7
ORD0927,2025-06-13,East,26.9,Van,300,264.6,Medium,Clear,1.94,379.83,1,88.2
ORD0928,2025-08-02,South,67.9,Mini Truck,700,188.7,Medium,Cloudy,1.83,691.05,1,27.0
ORD0929,2025-03-18,East,14.3,Bike,80,21.0,Low,Clear,0.78,203.73,1,26.2
ORD0930,2025-02-13,East,85.9,Van,300,152.1,Low,Clear,2.46,814.37,1,50.7
ORD0931,2025-02-19,East,114.6,Mini Truck,700,301.7,Low,Rain,4.06,946.56,1,43.1
ORD0932,2025-10-16,West,94.5,Truck,1500,1264.3,High,Clear,3.88,932.47,1,84.3
ORD0933,2025-08-28,South,105.0,Mini Truck,700,253.6,High,Clear,3.8,1014.81,1,36.2
ORD0934,2025-04-13,West,14.7,Van,300,241.0,High,Clear,1.99,268.2,1,80.3
ORD0935,2025-09-27,East,51.5,Van,300,191.4,Medium,Clear,2.29,557.09,1,63.8
ORD0936,2025-09-11,Central,31.6,Mini Truck,700,359.9,Medium,Clear,1.89,382.07,1,51.4
ORD0937,2025-10-26,North,20.5,Mini Truck,700,246.4,Medium,Clear,1.44,307.0,1,35.2
ORD0938,2025-11-29,North,45.2,Bike,80,75.9,High,Rain,3.03,457.31,1,94.9
ORD0939,2025-11-19,East,136.6,Mini Truck,700,477.8,High,Clear,4.99,1295.23,0,68.3
ORD0940,2025-03-08,East,157.4,Van,300,167.3,High,Clear,5.64,1380.31,0,55.8
ORD0941,2025-10-08,West,34.4,Mini Truck,700,356.9,High,Clear,2.32,465.12,1,51.0
ORD0942,2025-05-24,East,63.1,Truck,1500,1326.0,Medium,Cloudy,2.73,632.17,1,88.4
ORD0943,2025-05-28,Central,75.8,Truck,1500,1237.3,High,Clear,3.71,873.46,1,82.5
ORD0944,2025-08-25,East,51.8,Mini Truck,700,572.5,High,Clear,2.45,541.25,1,81.8
ORD0945,2025-08-08,North,119.1,Van,300,204.4,Medium,Clear,4.37,1068.91,0,68.1
ORD0946,2025-06-03,North,45.6,Van,300,261.5,High,Cloudy,2.27,572.02,1,87.2
ORD0947,2025-12-31,Central,40.9,Bike,80,36.8,Low,Cloudy,1.65,413.85,1,46.0
ORD0948,2025-03-05,North,35.6,Truck,1500,1113.9,High,Cloudy,2.17,444.2,1,74.3
ORD0949,2025-02-05,Central,51.6,Truck,1500,799.7,High,Cloudy,3.69,593.45,1,53.3
ORD0950,2025-01-11,South,7.1,Truck,1500,1005.0,Low,Clear,0.44,135.84,1,67.0
ORD0951,2025-10-25,North,53.1,Van,300,284.6,Medium,Clear,1.99,474.59,1,94.9
ORD0952,2025-05-29,South,65.4,Van,300,281.8,Low,Clear,1.88,629.2,1,93.9
ORD0953,2025-06-09,West,67.8,Truck,1500,913.2,High,Clear,3.35,791.54,1,60.9
ORD0954,2025-08-25,East,30.4,Mini Truck,700,456.2,High,Clear,2.21,442.2,1,65.2
ORD0955,2025-06-08,West,67.1,Mini Truck,700,614.7,Medium,Clear,2.7,719.38,1,87.8
ORD0956,2025-07-29,West,66.3,Van,300,282.0,High,Clear,2.04,702.46,1,94.0
ORD0957,2025-01-22,East,67.1,Van,300,238.5,Low,Cloudy,2.52,622.26,1,79.5
ORD0958,2025-02-27,West,95.5,Mini Truck,700,206.9,Low,Clear,3.08,816.41,1,29.6
ORD0959,2025-12-07,Central,29.5,Truck,1500,713.8,Medium,Cloudy,2.22,372.17,1,47.6
ORD0960,2025-06-14,East,52.2,Van,300,263.3,Low,Cloudy,2.6,454.25,1,87.8
ORD0961,2025-03-03,North,17.3,Truck,1500,1181.8,Medium,Clear,1.25,291.04,1,78.8
ORD0962,2025-05-15,East,90.6,Bike,80,61.6,Low,Clear,3.14,816.73,1,77.0
ORD0963,2025-05-03,Central,32.7,Van,300,215.3,Medium,Cloudy,1.54,372.99,1,71.8
ORD0964,2025-04-11,South,103.8,Truck,1500,811.0,Medium,Cloudy,3.74,1146.8,1,54.1
ORD0965,2025-04-18,Central,105.8,Truck,1500,798.4,High,Clear,3.82,1008.03,1,53.2
ORD0966,2025-09-24,East,55.3,Truck,1500,1224.4,Low,Clear,1.6,610.7,1,81.6
ORD0967,2025-02-08,West,53.6,Van,300,136.7,High,Cloudy,3.11,522.99,1,45.6
ORD0968,2025-04-24,South,22.6,Truck,1500,1094.1,Medium,Cloudy,2.03,348.08,1,72.9
ORD0969,2025-06-20,Central,61.9,Truck,1500,1137.5,Medium,Clear,2.49,676.15,1,75.8
ORD0970,2025-07-17,North,95.0,Truck,1500,1261.8,Medium,Clear,3.69,1011.29,1,84.1
ORD0971,2025-11-18,South,72.0,Bike,80,37.9,Medium,Rain,2.85,666.39,1,47.4
ORD0972,2025-12-03,East,127.1,Mini Truck,700,538.5,Low,Clear,4.09,1141.63,1,76.9
ORD0973,2025-04-19,East,48.5,Truck,1500,486.8,Medium,Rain,2.58,510.14,1,32.5
ORD0974,2025-07-16,East,48.4,Truck,1500,520.0,Low,Clear,1.93,440.78,1,34.7
ORD0975,2025-01-09,North,34.2,Bike,80,43.4,Medium,Clear,1.79,347.42,1,54.2
ORD0976,2025-08-14,South,173.5,Truck,1500,433.0,Medium,Clear,5.16,1533.27,0,28.9
ORD0977,2025-02-25,North,22.4,Bike,80,73.1,Medium,Clear,1.52,285.93,1,91.4
ORD0978,2025-01-27,East,91.2,Van,300,264.4,High,Rain,4.11,931.32,1,88.1
ORD0979,2025-09-03,South,96.1,Mini Truck,700,199.0,Low,Clear,3.05,858.73,1,28.4
ORD0980,2025-03-07,East,93.9,Van,300,251.0,High,Rain,5.04,915.33,0,83.7
ORD0981,2025-06-24,East,36.1,Mini Truck,700,424.3,High,Clear,2.25,389.45,1,60.6
ORD0982,2025-02-06,West,25.3,Bike,80,59.3,High,Rain,2.26,373.61,1,74.1
ORD0983,2025-09-30,East,55.3,Mini Truck,700,609.6,High,Rain,3.69,607.68,1,87.1
ORD0984,2025-10-07,West,83.9,Mini Truck,700,457.7,Low,Cloudy,2.88,823.47,1,65.4
ORD0985,2025-07-29,East,41.4,Mini Truck,700,232.0,Medium,Clear,1.99,510.41,1,33.1
ORD0986,2025-11-02,West,50.7,Van,300,75.5,Low,Cloudy,2.4,477.99,1,25.2
ORD0987,2025-06-09,West,41.9,Van,300,179.4,High,Clear,2.54,448.69,1,59.8
ORD0988,2025-03-10,South,64.4,Van,300,274.3,Medium,Rain,2.84,642.53,1,91.4
ORD0989,2025-02-25,South,62.0,Van,300,195.3,Low,Clear,1.89,604.4,1,65.1
ORD0990,2025-03-22,West,139.7,Mini Truck,700,357.7,High,Clear,5.54,1296.9,0,51.1
ORD0991,2025-03-15,South,85.0,Van,300,81.5,Low,Clear,2.48,742.95,1,27.2
ORD0992,2025-04-28,East,26.2,Van,300,267.1,Medium,Cloudy,1.44,354.8,1,89.0
ORD0993,2025-03-20,North,27.7,Van,300,143.7,Medium,Rain,1.74,354.08,1,47.9
ORD0994,2025-08-04,East,92.1,Bike,80,59.5,Low,Clear,2.94,809.69,1,74.4
ORD0995,2025-02-24,East,61.6,Mini Truck,700,515.2,Medium,Cloudy,2.32,564.65,1,73.6
ORD0996,2025-08-15,West,167.8,Truck,1500,641.6,High,Rain,5.75,1585.05,0,42.8
ORD0997,2025-05-02,East,167.6,Van,300,88.4,Low,Clear,4.91,1411.56,0,29.5
ORD0998,2025-09-08,South,34.1,Truck,1500,779.3,Medium,Clear,1.85,444.22,1,52.0
ORD0999,2025-07-07,Central,72.7,Mini Truck,700,330.4,Low,Cloudy,2.4,694.06,1,47.2
ORD1000,2025-11-27,East,27.9,Bike,80,59.2,Medium,Cloudy,2.02,241.88,1,74.0
ORD1001,2025-06-10,Central,91.3,Van,300,247.2,Low,Clear,2.84,836.75,1,82.4
ORD1002,2025-04-18,West,150.8,Bike,80,32.5,High,Cloudy,5.7,1399.42,0,40.6
ORD1003,2025-08-04,East,66.9,Bike,80,49.6,High,Clear,3.4,718.09,1,62.0
ORD1004,2025-08-29,Central,47.4,Van,300,83.5,Low,Rain,1.42,465.93,1,27.8
ORD1005,2025-06-10,North,77.0,Van,300,120.0,Medium,Rain,3.25,644.9,1,40.0
ORD1006,2025-07-24,Central,102.0,Truck,1500,1174.8,Medium,Cloudy,3.76,1080.53,1,78.3
ORD1007,2025-06-21,Central,102.3,Bike,80,64.4,Medium,Clear,3.24,955.88,1,80.5
ORD1008,2025-04-22,East,47.8,Truck,1500,1190.2,Medium,Clear,2.2,525.71,1,79.3
ORD1009,2025-04-25,West,40.8,Bike,80,28.0,Low,Clear,2.03,366.04,1,35.0
ORD1010,2025-11-28,East,70.4,Bike,80,50.9,Low,Clear,2.4,656.9,1,63.6
ORD1011,2025-09-04,South,49.7,Mini Truck,700,382.1,High,Cloudy,3.26,606.03,1,54.6
ORD1012,2025-02-04,West,119.1,Truck,1500,1416.1,Medium,Clear,4.38,1161.34,0,94.4
ORD1013,2025-12-18,South,49.4,Mini Truck,700,495.5,High,Clear,2.48,618.67,1,70.8
ORD1014,2025-09-17,South,64.1,Bike,80,72.4,Medium,Clear,2.26,543.45,1,90.5
ORD1015,2025-01-19,East,75.9,Bike,80,28.1,High,Clear,2.41,714.6,1,35.1
ORD1016,2025-09-23,Central,23.0,Van,300,169.7,Low,Clear,1.03,174.25,1,56.6
ORD1017,2025-08-04,South,43.0,Van,300,237.0,Low,Cloudy,1.2,395.89,1,79.0
ORD1018,2025-12-01,East,163.7,Truck,1500,761.3,High,Cloudy,5.78,1608.38,0,50.8
ORD1019,2025-06-28,North,99.6,Van,300,207.8,High,Clear,3.87,1062.55,1,69.3
ORD1020,2025-07-09,North,49.0,Bike,80,48.7,Medium,Rain,2.91,509.0,1,60.9
ORD1021,2025-04-25,North,91.5,Truck,1500,1416.5,Medium,Rain,4.17,927.66,1,94.4
ORD1022,2025-04-28,North,118.1,Bike,80,29.7,Medium,Clear,3.7,1053.47,1,37.1
ORD1023,2025-08-14,Central,53.7,Bike,80,72.4,Medium,Cloudy,3.23,560.59,1,90.5
ORD1024,2025-10-30,Central,96.9,Van,300,159.3,Low,Clear,2.99,801.96,1,53.1
ORD1025,2025-11-22,Central,89.3,Van,300,173.3,High,Clear,3.17,857.21,1,57.8
ORD1026,2025-10-09,North,28.3,Mini Truck,700,434.0,Low,Clear,1.03,396.03,1,62.0
ORD1027,2025-08-11,North,53.9,Truck,1500,653.6,Medium,Clear,2.05,540.21,1,43.6
ORD1028,2025-07-02,South,141.7,Truck,1500,1386.8,Low,Rain,4.63,1304.52,0,92.5
ORD1029,2025-05-04,East,161.2,Van,300,266.4,Low,Rain,4.81,1408.35,0,88.8
ORD1030,2025-10-08,South,100.0,Truck,1500,1396.6,Medium,Cloudy,3.28,1037.56,1,93.1
ORD1031,2025-04-27,East,42.1,Mini Truck,700,663.5,Medium,Cloudy,2.19,462.79,1,94.8
ORD1032,2025-04-08,North,11.4,Bike,80,57.5,Medium,Cloudy,1.21,194.63,1,71.9
ORD1033,2025-11-13,West,38.5,Truck,1500,849.3,Low,Rain,2.6,476.02,1,56.6
ORD1034,2025-08-04,South,25.7,Bike,80,67.6,High,Clear,2.19,441.14,1,84.5
ORD1035,2025-05-10,North,147.6,Mini Truck,700,186.7,Medium,Clear,4.82,1312.28,0,26.7
ORD1036,2025-11-12,West,16.9,Truck,1500,1251.1,High,Cloudy,2.19,374.15,1,83.4
ORD1037,2025-12-18,Central,28.8,Bike,80,47.8,Low,Clear,1.71,373.72,1,59.7
ORD1038,2025-04-27,North,69.6,Van,300,216.4,Medium,Clear,2.08,656.13,1,72.1
ORD1039,2025-07-10,East,61.3,Van,300,153.5,Medium,Clear,2.02,548.45,1,51.2
ORD1040,2025-06-26,Central,137.9,Truck,1500,762.1,Medium,Cloudy,4.01,1295.74,1,50.8
ORD1041,2025-09-14,West,86.2,Bike,80,21.8,Low,Clear,2.85,821.77,1,27.3
ORD1042,2025-12-14,Central,56.3,Mini Truck,700,382.7,Low,Clear,2.36,573.52,1,54.7
ORD1043,2025-07-20,East,120.4,Van,300,160.8,Medium,Clear,3.71,1088.52,1,53.6
ORD1044,2025-10-19,South,48.1,Bike,80,32.6,Low,Clear,1.43,396.94,1,40.8
ORD1045,2025-08-06,West,144.1,Mini Truck,700,296.2,Medium,Rain,5.11,1295.77,0,42.3
ORD1046,2025-11-20,North,35.2,Truck,1500,988.3,Low,Clear,1.59,488.04,1,65.9
ORD1047,2025-05-28,South,6.0,Mini Truck,700,330.7,Low,Cloudy,0.63,85.16,1,47.2
ORD1048,2025-05-21,West,60.0,Bike,80,66.5,Medium,Cloudy,2.59,579.19,1,83.1
ORD1049,2025-06-04,West,12.9,Bike,80,26.2,Medium,Clear,0.99,183.52,1,32.8
ORD1050,2025-12-30,North,102.9,Van,300,196.3,Medium,Cloudy,3.35,921.34,1,65.4
ORD1051,2025-08-12,East,67.3,Mini Truck,700,253.4,Medium,Cloudy,3.26,676.22,1,36.2
ORD1052,2025-02-25,South,144.3,Mini Truck,700,433.8,High,Cloudy,5.02,1375.12,0,62.0
ORD1053,2025-01-15,East,52.7,Bike,80,50.9,Medium,Clear,2.05,548.82,1,63.6
ORD1054,2025-07-09,Central,22.8,Mini Truck,700,489.7,Medium,Clear,1.92,274.8,1,70.0
ORD1055,2025-10-22,North,79.9,Van,300,164.8,High,Rain,3.75,731.66,1,54.9
ORD1056,2025-06-24,Central,43.8,Mini Truck,700,424.6,Medium,Cloudy,2.69,497.69,1,60.7
ORD1057,2025-07-24,East,94.7,Truck,1500,565.0,High,Rain,4.95,936.22,0,37.7
ORD1058,2025-10-19,West,35.7,Mini Truck,700,401.9,High,Rain,3.17,544.37,1,57.4
ORD1059,2025-07-08,East,130.2,Bike,80,40.9,Low,Clear,3.27,1220.34,1,51.1
ORD1060,2025-11-28,South,64.0,Truck,1500,1074.4,Medium,Cloudy,3.33,793.65,1,71.6
ORD1061,2025-08-21,West,56.4,Bike,80,44.4,Medium,Clear,2.63,516.99,1,55.5
ORD1062,2025-09-24,West,125.3,Truck,1500,1193.3,High,Cloudy,4.77,1285.92,0,79.6
ORD1063,2025-10-13,North,103.8,Bike,80,43.9,Medium,Clear,3.71,986.77,1,54.9
ORD1064,2025-08-17,West,38.9,Mini Truck,700,290.5,Low,Clear,1.97,441.69,1,41.5
ORD1065,2025-01-19,West,102.1,Bike,80,35.3,Medium,Cloudy,4.24,917.15,0,44.1
ORD1066,2025-06-06,South,90.5,Bike,80,22.5,Low,Cloudy,2.57,866.3,1,28.1
ORD1067,2025-02-21,Central,58.4,Mini Truck,700,439.6,High,Cloudy,3.2,650.79,1,62.8
ORD1068,2025-07-06,West,97.5,Mini Truck,700,582.1,Medium,Clear,3.06,944.9,1,83.2
ORD1069,2025-02-22,South,129.8,Bike,80,63.1,Medium,Clear,4.12,1093.46,1,78.9
ORD1070,2025-07-05,North,59.4,Truck,1500,834.7,High,Rain,3.46,719.92,1,55.6
ORD1071,2025-05-06,West,59.5,Van,300,116.2,Medium,Clear,2.67,578.71,1,38.7
ORD1072,2025-01-08,South,57.6,Van,300,256.3,Medium,Clear,2.12,606.7,1,85.4
ORD1073,2025-02-15,West,37.9,Van,300,86.9,High,Cloudy,2.72,465.56,1,29.0
ORD1074,2025-07-03,East,59.0,Van,300,158.8,High,Clear,2.7,641.95,1,52.9
ORD1075,2025-01-29,East,55.2,Bike,80,68.0,High,Cloudy,3.39,592.63,1,85.0
ORD1076,2025-11-09,North,53.2,Van,300,157.6,Low,Clear,2.34,549.41,1,52.5
ORD1077,2025-10-04,West,52.7,Bike,80,26.6,Medium,Cloudy,2.41,518.6,1,33.2
ORD1078,2025-09-16,North,28.7,Bike,80,34.9,Low,Rain,2.03,238.04,1,43.6
ORD1079,2025-03-04,East,109.7,Van,300,201.0,High,Rain,4.96,1077.93,0,67.0
ORD1080,2025-10-18,Central,42.9,Mini Truck,700,249.5,Medium,Cloudy,2.17,428.51,1,35.6
ORD1081,2025-08-20,Central,133.9,Truck,1500,1062.7,Medium,Clear,3.6,1216.41,1,70.8
ORD1082,2025-05-23,Central,33.0,Van,300,167.0,Low,Cloudy,1.13,303.34,1,55.7
ORD1083,2025-01-01,Central,150.9,Van,300,145.2,Medium,Cloudy,4.47,1354.98,0,48.4
ORD1084,2025-07-13,East,49.6,Truck,1500,628.0,Medium,Cloudy,1.68,545.35,1,41.9
ORD1085,2025-10-18,South,102.8,Mini Truck,700,578.4,Low,Cloudy,3.59,858.31,1,82.6
ORD1086,2025-01-13,Central,66.9,Truck,1500,791.5,Low,Cloudy,2.52,659.71,1,52.8
ORD1087,2025-01-20,Central,26.1,Truck,1500,1150.4,High,Cloudy,2.31,495.47,1,76.7
ORD1088,2025-05-20,Central,27.0,Truck,1500,837.4,High,Cloudy,1.58,405.47,1,55.8
ORD1089,2025-07-06,West,40.7,Truck,1500,471.5,Low,Clear,1.13,428.79,1,31.4
ORD1090,2025-06-23,North,47.8,Van,300,167.5,Low,Clear,1.69,517.64,1,55.8
ORD1091,2025-06-05,East,60.5,Van,300,181.6,High,Cloudy,3.93,683.74,1,60.5
ORD1092,2025-04-04,East,75.5,Van,300,171.1,Medium,Clear,2.6,771.44,1,57.0
ORD1093,2025-01-22,Central,55.9,Bike,80,65.7,Medium,Rain,3.18,431.6,1,82.1
ORD1094,2025-01-12,South,73.1,Mini Truck,700,621.3,Medium,Cloudy,2.57,820.39,1,88.8
ORD1095,2025-02-06,South,80.1,Mini Truck,700,560.5,Low,Clear,2.38,795.65,1,80.1
ORD1096,2025-09-09,North,54.4,Truck,1500,986.9,Low,Cloudy,2.47,700.54,1,65.8
ORD1097,2025-10-14,Central,89.6,Bike,80,50.3,Medium,Cloudy,3.16,796.88,1,62.9
ORD1098,2025-06-08,West,101.1,Van,300,210.4,Low,Cloudy,3.17,831.71,1,70.1
ORD1099,2025-01-29,North,81.3,Bike,80,36.1,Low,Clear,2.98,735.07,1,45.1
ORD1100,2025-06-01,East,84.0,Truck,1500,1227.4,Medium,Rain,3.67,867.52,1,81.8
ORD1101,2025-12-26,East,69.4,Van,300,254.9,High,Clear,3.63,755.77,1,85.0
ORD1102,2025-04-02,East,115.0,Bike,80,35.0,High,Cloudy,4.3,1131.47,0,43.8
ORD1103,2025-06-29,Central,61.4,Mini Truck,700,617.4,Medium,Clear,2.9,641.73,1,88.2
ORD1104,2025-07-16,North,41.1,Truck,1500,1266.2,Medium,Cloudy,2.18,520.84,1,84.4
ORD1105,2025-05-01,South,62.5,Truck,1500,820.7,Medium,Cloudy,2.64,694.37,1,54.7
ORD1106,2025-06-09,North,26.4,Bike,80,70.9,Medium,Cloudy,1.77,303.55,1,88.6
ORD1107,2025-06-22,South,24.2,Van,300,100.3,Medium,Clear,1.2,284.31,1,33.4
ORD1108,2025-06-23,Central,101.4,Bike,80,21.6,Medium,Cloudy,3.56,972.87,1,27.0
ORD1109,2025-09-19,Central,135.1,Van,300,148.1,Medium,Cloudy,4.21,1269.45,0,49.4
ORD1110,2025-08-01,North,50.5,Mini Truck,700,452.1,High,Clear,2.99,636.25,1,64.6
ORD1111,2025-01-20,West,101.9,Van,300,148.8,High,Rain,4.66,977.28,0,49.6
ORD1112,2025-01-03,South,17.6,Bike,80,72.8,Low,Cloudy,0.55,119.03,1,91.0
ORD1113,2025-05-30,North,15.4,Mini Truck,700,299.8,Medium,Rain,1.28,236.64,1,42.8
ORD1114,2025-11-28,South,116.8,Bike,80,35.7,Low,Rain,3.23,991.88,1,44.6
ORD1115,2025-01-14,North,81.5,Bike,80,55.6,Medium,Rain,3.66,759.67,1,69.5
ORD1116,2025-01-26,East,61.5,Bike,80,20.2,Low,Cloudy,1.96,540.9,1,25.2
ORD1117,2025-09-05,Central,147.4,Bike,80,60.7,Low,Cloudy,4.41,1277.54,0,75.9
ORD1118,2025-06-14,East,56.5,Van,300,154.3,High,Clear,2.99,565.62,1,51.4
ORD1119,2025-03-26,West,31.4,Truck,1500,1401.6,Medium,Clear,1.88,405.26,1,93.4
ORD1120,2025-03-17,East,21.9,Truck,1500,1101.0,High,Cloudy,2.47,459.65,1,73.4
ORD1121,2025-08-31,North,62.4,Bike,80,22.9,Low,Clear,2.09,535.16,1,28.6
ORD1122,2025-07-11,North,69.3,Bike,80,25.2,Low,Rain,1.85,635.33,1,31.5
ORD1123,2025-08-21,South,54.4,Van,300,93.5,Medium,Clear,1.98,589.56,1,31.2
ORD1124,2025-04-13,South,103.2,Mini Truck,700,641.8,Low,Clear,3.06,1003.94,1,91.7
ORD1125,2025-07-12,Central,127.1,Mini Truck,700,510.2,Low,Clear,4.2,1183.44,1,72.9
ORD1126,2025-11-10,Central,50.2,Truck,1500,824.0,High,Clear,3.29,628.08,1,54.9
ORD1127,2025-04-26,Central,17.6,Van,300,117.1,Low,Clear,0.54,251.23,1,39.0
ORD1128,2025-05-25,West,73.4,Bike,80,68.9,Low,Clear,2.42,734.0,1,86.1
ORD1129,2025-03-01,East,116.3,Bike,80,31.3,Medium,Cloudy,3.47,1068.48,1,39.1
ORD1130,2025-08-22,West,50.3,Bike,80,59.6,Medium,Clear,2.88,427.75,1,74.5
ORD1131,2025-01-12,East,84.0,Bike,80,62.7,Medium,Clear,3.4,762.88,1,78.4
ORD1132,2025-04-01,West,29.9,Truck,1500,684.4,Medium,Clear,1.98,424.34,1,45.6
ORD1133,2025-09-18,West,72.4,Van,300,181.0,High,Clear,3.48,716.54,1,60.3
ORD1134,2025-01-08,West,84.9,Truck,1500,609.1,Low,Clear,3.3,882.48,1,40.6
ORD1135,2025-12-28,West,73.5,Mini Truck,700,360.7,Medium,Cloudy,3.52,721.96,1,51.5
ORD1136,2025-05-28,North,168.9,Mini Truck,700,647.9,Medium,Cloudy,5.53,1533.74,0,92.6
ORD1137,2025-05-26,West,134.2,Van,300,220.6,High,Clear,5.06,1305.72,0,73.5
ORD1138,2025-07-15,South,92.7,Truck,1500,1263.9,Medium,Cloudy,3.08,946.04,1,84.3
ORD1139,2025-08-22,West,110.3,Bike,80,50.3,Medium,Clear,4.04,1009.14,1,62.9
ORD1140,2025-06-17,East,72.1,Bike,80,33.4,Low,Clear,2.7,699.02,1,41.8
ORD1141,2025-11-19,Central,59.9,Van,300,224.7,Low,Rain,2.56,508.09,1,74.9
ORD1142,2025-12-18,South,47.1,Van,300,180.1,Low,Clear,1.45,452.63,1,60.0
ORD1143,2025-03-15,Central,29.5,Mini Truck,700,261.7,Medium,Rain,2.65,392.97,1,37.4
ORD1144,2025-09-15,Central,137.7,Mini Truck,700,377.1,Low,Clear,4.46,1226.89,0,53.9
ORD1145,2025-04-20,South,172.6,Mini Truck,700,486.1,Medium,Clear,4.65,1612.99,0,69.4
ORD1146,2025-12-30,East,63.3,Van,300,229.4,Low,Clear,2.12,531.67,1,76.5
ORD1147,2025-04-03,East,64.0,Van,300,126.1,High,Clear,3.25,595.56,1,42.0
ORD1148,2025-04-18,West,86.9,Truck,1500,1294.8,High,Rain,4.54,987.6,0,86.3
ORD1149,2025-09-18,West,56.6,Bike,80,41.3,Low,Clear,1.97,571.57,1,51.6
ORD1150,2025-10-16,Central,32.0,Mini Truck,700,307.9,Low,Rain,2.62,343.62,1,44.0
ORD1151,2025-02-16,South,25.9,Mini Truck,700,270.6,Low,Rain,1.81,316.64,1,38.7
ORD1152,2025-07-22,East,169.2,Truck,1500,1219.4,High,Cloudy,6.01,1655.57,0,81.3
ORD1153,2025-05-07,East,19.5,Mini Truck,700,348.5,Low,Clear,1.78,216.2,1,49.8
ORD1154,2025-08-12,Central,75.1,Van,300,176.5,Medium,Clear,2.58,691.52,1,58.8
ORD1155,2025-07-23,South,21.4,Van,300,121.8,Medium,Clear,1.28,286.64,1,40.6
ORD1156,2025-12-26,East,58.3,Van,300,219.1,High,Cloudy,2.75,673.33,1,73.0
ORD1157,2025-12-07,North,50.0,Van,300,239.0,Medium,Clear,2.03,469.91,1,79.7
ORD1158,2025-08-27,Central,23.9,Bike,80,39.0,Medium,Rain,1.6,283.23,1,48.8
ORD1159,2025-09-05,South,88.6,Mini Truck,700,638.1,High,Cloudy,3.92,903.57,1,91.2
ORD1160,2025-11-25,South,30.6,Bike,80,21.7,Low,Clear,1.32,336.1,1,27.1
ORD1161,2025-03-08,East,21.7,Mini Truck,700,240.1,High,Cloudy,2.22,333.87,1,34.3
ORD1162,2025-09-22,East,94.2,Truck,1500,993.2,Low,Clear,2.91,892.03,1,66.2
ORD1163,2025-10-09,Central,50.2,Truck,1500,1111.5,Medium,Rain,3.01,649.47,1,74.1
ORD1164,2025-02-16,East,38.3,Bike,80,34.0,High,Clear,2.11,429.68,1,42.5
ORD1165,2025-11-18,East,97.4,Truck,1500,956.8,Medium,Rain,4.04,955.41,1,63.8
ORD1166,2025-09-13,North,29.5,Bike,80,37.8,Medium,Cloudy,2.05,266.5,1,47.2
ORD1167,2025-05-07,North,18.0,Van,300,191.4,Low,Rain,0.95,195.44,1,63.8
ORD1168,2025-06-26,South,122.4,Bike,80,56.9,Medium,Clear,3.95,1124.17,1,71.1
ORD1169,2025-06-28,Central,156.2,Bike,80,74.5,Medium,Cloudy,4.28,1394.07,0,93.1
ORD1170,2025-12-02,Central,57.4,Bike,80,45.5,Medium,Clear,2.28,594.17,1,56.9
ORD1171,2025-12-20,West,5.5,Bike,80,56.3,Medium,Cloudy,1.07,167.45,1,70.4
ORD1172,2025-10-22,West,56.9,Truck,1500,981.9,Medium,Clear,3.01,732.28,1,65.5
ORD1173,2025-08-27,South,100.6,Bike,80,37.8,Medium,Clear,2.79,887.26,1,47.2
ORD1174,2025-02-08,North,115.6,Van,300,128.1,Low,Clear,2.72,949.99,1,42.7
ORD1175,2025-11-30,North,31.8,Mini Truck,700,659.1,Medium,Clear,1.7,359.24,1,94.2
ORD1176,2025-02-18,South,51.7,Truck,1500,592.2,Low,Clear,1.54,504.48,1,39.5
ORD1177,2025-03-02,South,71.8,Truck,1500,1204.8,High,Cloudy,2.73,778.09,1,80.3
ORD1178,2025-01-26,North,97.3,Bike,80,28.2,Medium,Clear,3.4,897.63,1,35.2
ORD1179,2025-12-12,South,91.6,Truck,1500,1219.6,Low,Cloudy,2.13,969.74,1,81.3
ORD1180,2025-06-30,North,83.4,Mini Truck,700,266.0,Medium,Clear,2.52,867.15,1,38.0
ORD1181,2025-03-28,West,115.4,Bike,80,74.2,High,Cloudy,4.45,1111.87,0,92.8
ORD1182,2025-01-30,Central,59.9,Van,300,219.1,Low,Cloudy,2.51,669.81,1,73.0
ORD1183,2025-05-31,West,138.4,Truck,1500,469.6,Low,Clear,4.55,1221.05,0,31.3
ORD1184,2025-09-22,East,43.8,Van,300,220.6,Low,Cloudy,2.33,368.62,1,73.5
ORD1185,2025-12-30,East,92.4,Bike,80,53.8,Low,Rain,3.45,874.18,1,67.2
ORD1186,2025-07-21,South,47.8,Truck,1500,729.4,High,Cloudy,1.84,504.96,1,48.6
ORD1187,2025-08-10,North,57.9,Truck,1500,648.8,High,Clear,2.97,629.63,1,43.3
ORD1188,2025-11-02,East,63.4,Truck,1500,1129.7,Low,Clear,2.72,698.87,1,75.3
ORD1189,2025-11-26,East,46.2,Truck,1500,1153.4,Medium,Cloudy,2.78,559.4,1,76.9
ORD1190,2025-04-13,North,118.2,Truck,1500,718.6,Low,Clear,3.53,1083.29,1,47.9
ORD1191,2025-12-29,East,49.3,Van,300,259.0,Medium,Cloudy,2.01,464.77,1,86.3
ORD1192,2025-07-09,South,61.5,Bike,80,35.1,High,Clear,2.63,643.72,1,43.9
ORD1193,2025-12-06,North,86.3,Mini Truck,700,209.2,Medium,Cloudy,3.83,862.61,1,29.9
ORD1194,2025-02-12,West,209.9,Bike,80,53.6,Low,Clear,5.3,1791.16,0,67.0
ORD1195,2025-02-05,East,88.1,Van,300,97.5,Medium,Clear,2.75,785.89,1,32.5
ORD1196,2025-11-19,West,64.7,Mini Truck,700,310.6,High,Rain,4.17,636.63,1,44.4
ORD1197,2025-09-03,West,15.7,Truck,1500,907.5,Low,Rain,1.62,230.28,1,60.5
ORD1198,2025-03-05,Central,57.0,Van,300,135.1,Low,Rain,2.14,560.61,1,45.0
ORD1199,2025-11-23,Central,41.2,Van,300,120.1,Low,Rain,2.72,427.94,1,40.0
ORD1200,2025-02-07,West,51.3,Mini Truck,700,519.6,Medium,Clear,2.53,518.9,1,74.2
